id,typeId,name,location,childIds,KW,KV,connectedIds,parentIds,vendorName,productName,KWH,geometry_type,geometry_coordinates,utilityId
aiJN,st,Transmission Substation 1,"-79.63505549806237,36.20536376246419","bhA8,akM1,abkD,abkH,abkI",300000.0,69.0,,,,,,Point,"-79.63505549806237,36.20536376246419",pending
abcd,sd,Distribution Substation 1,"-79.60684769101411,36.19285069559501",bht4,,12.47,,,,,,Point,"-79.60684769101411,36.19285069559501",pending
abkD,cm,Microcontroller 1,,,,,"abkH,abkI","bhA8,aiJN",Schweitzer Engineering Laboratories,SEL-352,,Point,"-79.63505549806237,36.20536376246419",pending
abkH,xr,Relay 1,,,,,"akM1,abkD,ahwT","bhA8,aiJN",Schweitzer Engineering Laboratories,SEL-351,,Point,"-79.63505549806237,36.20536376246419",pending
abkI,X,Gateway 1,,,,,abkD,"bhA8,aiJN",Schweitzer Engineering Laboratories,,,Point,"-79.63505549806237,36.20536376246419",pending
akM1,tp,High Voltage Transformer 1,,,,,abkH,"bhA8,aiJN",,,,Point,"-79.63505549806237,36.20536376246419",pending
bnrL,td,Medium Voltage Transformer 1,,,,,"ahwT,ahrK",abcd,,,,Point,"-79.60684769101411,36.19285069559501",pending
aiM9,td,Low Voltage Transformer 1,,,,,"ahrK,abWX,abWY,abWZ,ackE,ackG",aGH3,,,,Point,"-79.62706145629696,36.187959277146454",pending
aiQU,td,Low Voltage Transformer 2,,,,,"ahrK,abU6,abU9",aF78,,,,Point,"-79.62575054476181,36.19182783649054",pending
aiQV,td,Low Voltage Transformer 3,,,,,"ahrK,abWX,abWY,abWZ,ackE,ackG",aGH3,,,,Point,"-79.62706145629696,36.187959277146454",pending
ajqN,td,Low Voltage Transformer 4,,,,,"ahrK,adns",aRS6,,,,Point,"-79.62944698886541,36.182911242765535",pending
ajq9,td,Low Voltage Transformer 5,,,,,"ahrK,adtJ",aUZ8,,,,Point,"-79.63592955882964,36.181848518880805",pending
ajrw,td,Low Voltage Transformer 6,,,,,"ahrK,adox",aR01,,,,Point,"-79.63368884318828,36.18313102202153",pending
ajrx,td,Low Voltage Transformer 7,,,,,"ahrK,adn2",aRX2,,,,Point,"-79.63039328385051,36.182849054099535",pending
ajM3,td,Low Voltage Transformer 8,,,,,"ahrK,afgy",bdH8,,,,Point,"-79.62446267889139,36.193290577166955",pending
ajM5,td,Low Voltage Transformer 9,,,,,"ahrK,aeIM",bdr5,,,,Point,"-79.62245403332614,36.19285098745891",pending
ajNO,td,Low Voltage Transformer 10,,,,,"ahrK,aeO9,aePR",bdyG,,,,Point,"-79.6172364695739,36.19319288052449",pending
ajNR,td,Low Voltage Transformer 11,,,,,"ahrK,aeIL,aePV,aePY,aeQ5",bdr0,,,,Point,"-79.61482351021539,36.19260064750622",pending
ajOX,td,Low Voltage Transformer 12,,,,,"ahrK,aeIL,aeI2,aeKV",bdrX,,,,Point,"-79.61464599587815,36.19200812017905",pending
ajOY,td,Low Voltage Transformer 13,,,,,"ahrK,aeI3,aeJT,aeJV,aeJ1",bdsQ,,,,Point,"-79.6129628418195,36.19108984470666",pending
ajO0,td,Low Voltage Transformer 14,,,,,"ahrK,aeIL,aeI2,aeKV",bdrX,,,,Point,"-79.61464599587815,36.19200812017905",pending
ajO5,td,Low Voltage Transformer 15,,,,,"ahrK,ae45,afgj,afgp",bdGT,,,,Point,"-79.61946198628372,36.191097377832214",pending
ajS7,td,Low Voltage Transformer 16,,,,,"ahrK,aeLR",bdu1,,,,Point,"-79.61310472863249,36.19042258714075",pending
ajT4,td,Low Voltage Transformer 17,,,,,"ahrK,aeKY",bduE,,,,Point,"-79.61451693020452,36.1911907821637",pending
anzQ,m,Meter 1,"-79.62399908012085,36.1931536309396",,0.76,0.42,afgy,bdH9,,,4147.0,Point,"-79.62399908012085,36.1931536309396",pending
anzR,m,Meter 2,"-79.62609524594545,36.19208601319689",,0.76,0.42,abU9,aGHK,,,4147.0,Point,"-79.62609524594545,36.19208601319689",pending
anzS,m,Meter 3,"-79.62218052147975,36.19322736443852",,2.74,0.42,aeIM,bdr6,,,15002.0,Point,"-79.62218052147975,36.19322736443852",pending
anz2,m,Meter 4,"-79.61302907551273,36.19137007261879",,0.76,0.42,aeJ1,bdtF,,,4147.0,Point,"-79.61302907551273,36.19137007261879",pending
anz5,m,Meter 5,"-79.61280797936968,36.1914838017088",,2.74,0.42,aeI3,bdsR,,,15002.0,Point,"-79.61280797936968,36.1914838017088",pending
anz8,m,Meter 6,"-79.61507219238997,36.191994121640846",,38.25,0.42,aeI2,bdsP,,,209430.0,Point,"-79.61507219238997,36.191994121640846",pending
anAJ,m,Meter 7,"-79.61422026069185,36.19275322678215",,0.76,0.42,aeQ5,bdzN,,,4147.0,Point,"-79.61422026069185,36.19275322678215",pending
anAO,m,Meter 8,"-79.6138310742208,36.19199237394341",,38.25,0.42,aeKV,bduB,,,209430.0,Point,"-79.6138310742208,36.19199237394341",pending
anAW,m,Meter 9,"-79.61366071639112,36.191435987472886",,1.6600000000000001,0.42,aeJV,bdtx,,,9087.0,Point,"-79.61366071639112,36.191435987472886",pending
anA9,m,Meter 10,"-79.61282465831006,36.19047523339764",,1.6600000000000001,0.42,aeLR,bdu2,,,9087.0,Point,"-79.61282465831006,36.19047523339764",pending
anBC,m,Meter 11,"-79.6185929651453,36.190996300425056",,0.76,0.42,ae45,bdGU,,,4147.0,Point,"-79.6185929651453,36.190996300425056",pending
anBI,m,Meter 12,"-79.61526412415466,36.19088390982859",,0.76,0.42,aeKY,bduF,,,4147.0,Point,"-79.61526412415466,36.19088390982859",pending
aorE,m,Meter 13,"-79.62745035755789,36.188169276698055",,2.74,0.42,abWX,aGH4,,,15002.0,Point,"-79.62745035755789,36.188169276698055",pending
aorH,m,Meter 14,"-79.62655755886853,36.19204173778374",,1.6600000000000001,0.42,abU6,aF79,,,9087.0,Point,"-79.62655755886853,36.19204173778374",pending
aor5,m,Meter 15,"-79.62730987363217,36.1879350819074",,38.25,0.42,abWY,aGH5,,,209430.0,Point,"-79.62730987363217,36.1879350819074",pending
aosF,m,Meter 16,"-79.62669659778422,36.18790100202967",,1.6600000000000001,0.42,ackE,aHWX,,,9087.0,Point,"-79.62669659778422,36.18790100202967",pending
aoB0,m,Meter 17,"-79.62943266770361,36.18245672881442",,1.6600000000000001,0.42,adns,aRS7,,,9087.0,Point,"-79.62943266770361,36.18245672881442",pending
aoCV,m,Meter 18,"-79.63544274841463,36.18157793235379",,1.6600000000000001,0.42,adtJ,aUZ9,,,9087.0,Point,"-79.63544274841463,36.18157793235379",pending
aoC1,m,Meter 19,"-79.63357564515626,36.18375806720667",,1.6600000000000001,0.42,adox,aR02,,,9087.0,Point,"-79.63357564515626,36.18375806720667",pending
aoC3,m,Meter 20,"-79.63040081248835,36.18209729911571",,1.6600000000000001,0.42,adn2,aRX3,,,9087.0,Point,"-79.63040081248835,36.18209729911571",pending
ahwT,l,Line 1,,"bhA8,bcoI,bcnY,bcnL,bhDW,bhDX,bhDY,bcqE,bhNX,bhNY,bhNZ,bhN0,bhN1,bhN2,bhN3,bhN4,bhN5,bhN6,bhN7,bhN8,bdy1,bhN9,bhOP,bhOQ,bhOR,bhOS,bhOT,bhOU,bhOV,bhOW,bhOX,bhOY,bhOZ,bhO0,bhO1,bhO2,bhO3,bhO4,bhO5,bhO6,bhO7,bhO8,bhO9,bhPQ,bhPR,bhPS,bhPT,bhPU,bhPV,bhPW,bhPX,bhPY,bcv0,bhPZ,bhP0,bhP1,bhP2,bcxI,bcxC,bcw1,bcw2,bcw3,bhP3,bhP4,bhP5,bcv2,bhP6,bhP7,bhP8,bhP9,bhQR,bhQS,bhQT,bixL,bixM,bchX,bgBD,bgBC,bgA9,bgA8,bgA7,bgA6,bgA5,bgA4,bdsS,bgyJ,bgyI,bgyH,bdsA,bdsU,bdsV,bdr7,bds1,bds2,bdsH,bdsY,bgzC,bgzB,bgzA,bgy9,bgy8,bgy7,bgy6,bgy5,bdsE,bgA3,bgA2,bgA1,bgA0,bdyS,bgz6,bgz7,bgz8,bgz9,bgAQ,bgAP,bgAO,bgAN,bgAM,bgAL,bgAK,bgAJ,bgAI,bgAH,bgAG,bgAF,bdr5,bhvP,bhvO,bhvN,bhvM,bhvL,bhvK,bhvJ,bhvI,bhvH,bhvG,bhvF,bhvE,bhvD,bhvC,bhvB,bhvA,bhvz,bhvy,bhvx,bhvw,bhu9,bdGT,bdHS,bhu8,bhu7,bhu6,bhu5,bhu4,bhu3,bhu2,bhu1,bhu0,bhuZ,bhuY,bhuX,bhuW,bhuV,bhuU,bhuT,bhuS,bhuR,bhuQ,bhuP,bhuO,bgBE,bgBF,bdyI,bdyG,bdyH,bhuN,bhuM,bhuL,bhuK,bhuJ,bhuI,bhuH,bhuG,bhuF,bdr4,bdr3,bdr2,bdr1,bdr0,bdrZ,bdrY,bdrX,bgz5,bgz4,bdtv,bgz3,bgz2,bduE,bhuE,bhuD,bhuC,bhuB,bhuA,bhuz,bhuy,bhux,bduG,bduW,bhuw,bhuv,bdu1,bht9,bht8,bht7,bht6,bht5,bdsQ,bht4",,69.0,"abkH,bnrL",,,,,LineString,"-79.63505549806237	36.20536376246419,-79.63492478466338	36.20526851692551,-79.63479405592699	36.205174172556156,-79.63466332750545	36.20507982804921,-79.63453259939877	36.2049854834047,-79.63440187160694	36.20489113862259,-79.63427114412995	36.20479679370291,-79.63414154473297	36.2047015600326,-79.633981950243	36.204604180851135,-79.63382346825142	36.20450681416019,-79.63366498665546	36.20440944726617,-79.63350650545512	36.20431208016908,-79.63336445534706	36.20422932428326,-79.63322129344635	36.20414655553209,-79.63307924394319	36.204063799318256,-79.63293608264983	36.20398103023646,-79.63279403375155	36.2038982736946,-79.63263693218506	36.203849601431756,-79.63254583488795	36.20384315155903,-79.63246441711264	36.20385574342731,-79.63210955374967	36.20372998701347,-79.63198324796612	36.20363749313698,-79.63185805456601	36.203545011846614,-79.631732845772	36.203453431736115,-79.63160654087865	36.2033609374768,-79.63144949031873	36.20324555433727,-79.63131120432254	36.203138498983556,-79.63117182232125	36.20303052944973,-79.63104230811685	36.20293078600887,-79.63091280993994	36.20283014112752,-79.63078218432206	36.202730384692956,-79.63065267110812	36.202630640846664,-79.630523173926	36.20252999555997,-79.63039254930298	36.202430238716424,-79.63027079014067	36.20233238617806,-79.63014791921563	36.20223452079077,-79.63002616066129	36.20213666801336,-79.62982372790391	36.201945038447505,-79.62972562198307	36.20183032796231,-79.62962753205818	36.20171471609528,-79.62949649290107	36.20151128272339,-79.62940353134671	36.201292960074824,-79.62937201215465	36.20112311982199,-79.62937941845301	36.200889719928,-79.62938766589055	36.200735660378534,-79.62939592900031	36.20058069951844,-79.62940417635329	36.2004266399587,-79.62941355141605	36.2002716918245,-79.62942179868233	36.20011763225435,-79.62943006162008	36.199962671373484,-79.62944025002238	36.199824860765986,-79.62945045409435	36.1996861488481,-79.6294595303816	36.1995483254956,-79.62946973436773	36.19940961356833,-79.62947992259723	36.199271802942015,-79.6294901264956	36.19913309100524,-79.62950031463771	36.19899528036945,-79.62951051844831	36.19885656842314,-79.62951959448706	36.19871874504316,-79.62952979821186	36.19858003308748,-79.62953998618116	36.198442222432895,-79.62955018981818	36.19830351046768,-79.6295603777001	36.19816569980362,-79.62956946924314	36.19802697509484,-79.62957967275038	36.197888263115466,-79.62958986050309	36.19775045243734,-79.62960006392257	36.19761174044846,-79.6296102515879	36.19747392976084,-79.62961711893023	36.19733517956224,-79.62962400195015	36.19719552805346,-79.62963086922785	36.19705677784673,-79.6296377364733	36.196918027635945,-79.62964460368654	36.196779277421115,-79.62949378522727	36.19669010621058,-79.62933497169304	36.19674057357661,-79.62917728566403	36.196790152158435,-79.6290195837253	36.19684063183368,-79.62886189730818	36.19689020999048,-79.62870419497766	36.196940689240556,-79.62854649245035	36.19699116827804,-79.62838880545014	36.197040745797246,-79.62828610682458	36.196870990848744,-79.62821334910876	36.19677009194402,-79.62812483504727	36.19667983020647,-79.62800318182555	36.196576567687394,-79.62788152892304	36.19647330504974,-79.6277496325394	36.196383447122265,-79.62761773645872	36.196293589054555,-79.62748584068096	36.196203730846634,-79.62735394520614	36.196113872498486,-79.62722205003426	36.19602401401011,-79.62709013942712	36.195935056686864,-79.62695824485965	36.19584519791802,-79.6268263505951	36.19575533900896,-79.62669445663347	36.1956654799597,-79.62656256297478	36.19557562077022,-79.62643066961901	36.19548576144052,-79.62629876081925	36.19539680327573,-79.6261668680679	36.195306943665585,-79.62603497561945	36.195217083915225,-79.62590308347391	36.195127224024674,-79.6257711916313	36.19503736399391,-79.62563930009163	36.194947503822945,-79.62550515342443	36.19485942057982,-79.6253698951013	36.19477132441942,-79.62523576479872	36.194682339579906,-79.62510161904122	36.19459425590006,-79.62496748934768	36.19450527077031,-79.6248333441963	36.19441718680015,-79.6246991993472	36.19432910268481,-79.62456507056653	36.194240117119676,-79.62443092632353	36.19415203271403,-79.6242967981519	36.194063046858666,-79.62416154256856	36.19397494937963,-79.62403070352647	36.19388870549913,-79.62389876860266	36.19380154739063,-79.6237679301406	36.19371530323278,-79.62363598002591	36.19362904614899,-79.62350514214245	36.1935428017138,-79.62337320838824	36.19345564304598,-79.6232423710848	36.19336939833346,-79.62311042213388	36.193283140690234,-79.62297958540901	36.19319689570036,-79.62284874897281	36.19311065057242,-79.62271681667957	36.19302349120609,-79.62258598082339	36.192937245800834,-79.62245403332614	36.19285098745891,-79.62232319804852	36.192764741776344,-79.62219126692483	36.19267758185073,-79.62206043222724	36.19259133589086,-79.62192848589372	36.192505076989534,-79.6217976517747	36.192418830752345,-79.62166572182056	36.1923316702675,-79.62153488828154	36.192245423753015,-79.62140294311173	36.19215916429233,-79.6212721101513	36.19207291750053,-79.62114018136667	36.191985756456454,-79.62100934898622	36.1918995093874,-79.6208774049801	36.19181324936736,-79.62074657317821	36.19172700202098,-79.6206146455631	36.19163984041772,-79.6204838143412	36.191553592794094,-79.62035187149877	36.19146733221471,-79.62022104085541	36.191381084313804,-79.62008911440981	36.19129392215136,-79.61995828434644	36.191207673973196,-79.61981652535624	36.19111048179214,-79.61967475089777	36.19101419075243,-79.61946198628372	36.191097377832214,-79.61943553497746	36.19127376390189,-79.61942107718112	36.19146381059499,-79.6194055232122	36.19165294314935,-79.61940940970167	36.19181164944468,-79.61941331202014	36.191969454433135,-79.61941608660189	36.19212814789412,-79.61941997310461	36.19228685417782,-79.61941958598683	36.19243559481866,-79.61941918303415	36.192585236758774,-79.6194187958948	36.19273397739233,-79.61941729681598	36.19288270519543,-79.61941690965307	36.19303144582169,-79.61941650665493	36.193181087747135,-79.61924837554918	36.193318878347945,-79.61908061585386	36.19330882939831,-79.61891287203949	36.19329787891177,-79.61874511244727	36.19328782949361,-79.61857736873984	36.19327687853868,-79.61840960925072	36.19326682865201,-79.61824186565022	36.193255877228694,-79.61807410626422	36.193245826873515,-79.61790747470369	36.19323488782277,-79.61773973126434	36.19322393569844,-79.61757197203374	36.19321388464208,-79.61740422870136	36.19320293204936,-79.6172364695739	36.19319288052449,-79.61706872634849	36.1931819274634,-79.61690096732417	36.193171875470014,-79.61673322420572	36.19316092194053,-79.61656546528455	36.193150869478636,-79.61639772227308	36.19313991548078,-79.61622108387027	36.193128858396356,-79.6160444455257	36.193117801052225,-79.61586780723937	36.1931067434484,-79.61569116901128	36.193095685584886,-79.6155150069164	36.19305758842085,-79.61536028906482	36.19300170940315,-79.61525224065646	36.19294817315381,-79.61514430351042	36.192888327700906,-79.61489429283984	36.19268620630802,-79.61482351021539	36.19260064750622,-79.61474481678714	36.19245910503239,-79.61465910152715	36.192148002054026,-79.61464599587815	36.19200812017905,-79.61463179423404	36.1918673241283,-79.61461868866402	36.19172744224601,-79.61460448710302	36.19158664618776,-79.61459026970579	36.19144675142696,-79.61457718013406	36.19130596823243,-79.61451693020452	36.1911907821637,-79.61436763264973	36.1909537661332,-79.61428802045106	36.190864498846636,-79.6141884737098	36.19077049325977,-79.61400072220444	36.19063309635491,-79.61385230046655	36.190535820022546,-79.61370387909801	36.19043854351254,-79.61358744867614	36.19035606117168,-79.61343110224279	36.190203701931345,-79.61334764821876	36.19008013308367,-79.61326532223016	36.189955675763116,-79.613130068208	36.1900577793243,-79.61312242579693	36.19023888926555,-79.61310472863249	36.19042258714075,-79.6130851413911	36.19058733191921,-79.61306445805657	36.190751162502316,-79.6130448706264	36.190915907261775,-79.61302798465202	36.19099053482561,-79.61301068619757	36.1910254922684,-79.6129628418195	36.19108984470666,-79.60684769101411	36.19285069559501",pending
ahrK,l,Line 2,,"bht4,bdsQ,bht5,bht6,bht7,bht8,bht9,bdu1,bhuv,bhuw,bduW,bduG,bhux,bhuy,bhuz,bhuA,bhuB,bhuC,bhuD,bhuE,bduE,bgz2,bgz3,bdtv,bgz4,bgz5,bdrX,bdrY,bdrZ,bdr0,bdr1,bdr2,bdr3,bdr4,bhuF,bhuG,bhuH,bhuI,bhuJ,bhuK,bhuL,bhuM,bhuN,bdyH,bdyG,bdyI,bgBF,bgBE,bhuO,bhuP,bhuQ,bhuR,bhuS,bhuT,bhuU,bhuV,bhuW,bhuX,bhuY,bhuZ,bhu0,bhu1,bhu2,bhu3,bhu4,bhu5,bhu6,bhu7,bhu8,bdHS,bdGT,bhu9,bhvw,bhvx,bhvy,bhvz,bhvA,bhvB,bhvC,bhvD,bhvE,bhvF,bhvG,bhvH,bhvI,bhvJ,bhvK,bhvL,bhvM,bhvN,bhvO,bhvP,bdr5,bgAF,bgAG,bgAH,bgAI,bgAJ,bgAK,bgAL,bgAM,bgAN,bgAO,bgAP,bgAQ,bgAB,bgAC,bgAD,bgAE,bdH8,bgzT,bgzU,bgzV,bgzW,bgzX,bgzY,bgzZ,bgz0,bgz1,aF78,bgAS,bgAT,bgAU,bgAV,bgAW,bgAX,bgAY,bgAZ,bgyP,bgyQ,bgyR,bgyS,bgyT,bgyU,bgyV,bgyW,bgyX,bgyY,bgyZ,bgy0,bgy1,bgy2,bgy3,bgy4,aGHY,aGH6,aGH3,aHV2,bhvQ,bhvR,bhvS,bhvT,bhvU,bhvV,bhvW,bhvX,bhvY,bhvZ,bhv0,bhv1,bhv2,bhv3,bhv4,bhv5,bhv6,bhv7,bhv8,bhv9,bhwx,bhwy,bhwz,bhwA,bhwB,bhwC,bhwD,bhwE,bhwF,bhwG,bhwH,bhwI,bhwJ,bhwK,bhwL,bhwM,bhwN,bhwO,aRS6,bhwP,bhwQ,bhwR,bhwS,aRX2,bhwT,bhwU,bhwV,bhwW,bhwX,bhwY,bhwZ,bhw0,bhw1,bhw2,bhw3,bhw4,bhw5,bhw6,aR01,bhw7,bhw8,bhw9,bhxy,bhxz,bhxA,bhxB,bhxC,bhxD,bhxE,bhxF,bhxG,bhxH,bhxI,bhxJ,aUZ8",,12.47,"bnrL,aiM9,aiQU,aiQV,ajqN,ajq9,ajrw,ajrx,ajM3,ajM5,ajNO,ajNR,ajOX,ajOY,ajO0,ajO5,ajS7,ajT4",,,,,LineString,"-79.60684769101411	36.19285069559501,-79.6129628418195	36.19108984470666,-79.61301068619757	36.1910254922684,-79.61302798465202	36.19099053482561,-79.6130448706264	36.190915907261775,-79.61306445805657	36.190751162502316,-79.6130851413911	36.19058733191921,-79.61310472863249	36.19042258714075,-79.61312242579693	36.19023888926555,-79.613130068208	36.1900577793243,-79.61326532223016	36.189955675763116,-79.61334764821876	36.19008013308367,-79.61343110224279	36.190203701931345,-79.61358744867614	36.19035606117168,-79.61370387909801	36.19043854351254,-79.61385230046655	36.190535820022546,-79.61400072220444	36.19063309635491,-79.6141884737098	36.19077049325977,-79.61428802045106	36.190864498846636,-79.61436763264973	36.1909537661332,-79.61451693020452	36.1911907821637,-79.61457718013406	36.19130596823243,-79.61459026970579	36.19144675142696,-79.61460448710302	36.19158664618776,-79.61461868866402	36.19172744224601,-79.61463179423404	36.1918673241283,-79.61464599587815	36.19200812017905,-79.61465910152715	36.192148002054026,-79.61474481678714	36.19245910503239,-79.61482351021539	36.19260064750622,-79.61489429283984	36.19268620630802,-79.61514430351042	36.192888327700906,-79.61525224065646	36.19294817315381,-79.61536028906482	36.19300170940315,-79.6155150069164	36.19305758842085,-79.61569116901128	36.193095685584886,-79.61586780723937	36.1931067434484,-79.6160444455257	36.193117801052225,-79.61622108387027	36.193128858396356,-79.61639772227308	36.19313991548078,-79.61656546528455	36.193150869478636,-79.61673322420572	36.19316092194053,-79.61690096732417	36.193171875470014,-79.61706872634849	36.1931819274634,-79.6172364695739	36.19319288052449,-79.61740422870136	36.19320293204936,-79.61757197203374	36.19321388464208,-79.61773973126434	36.19322393569844,-79.61790747470369	36.19323488782277,-79.61807410626422	36.193245826873515,-79.61824186565022	36.193255877228694,-79.61840960925072	36.19326682865201,-79.61857736873984	36.19327687853868,-79.61874511244727	36.19328782949361,-79.61891287203949	36.19329787891177,-79.61908061585386	36.19330882939831,-79.61924837554918	36.193318878347945,-79.61941650665493	36.193181087747135,-79.61941690965307	36.19303144582169,-79.61941729681598	36.19288270519543,-79.6194187958948	36.19273397739233,-79.61941918303415	36.192585236758774,-79.61941958598683	36.19243559481866,-79.61941997310461	36.19228685417782,-79.61941608660189	36.19212814789412,-79.61941331202014	36.191969454433135,-79.61940940970167	36.19181164944468,-79.6194055232122	36.19165294314935,-79.61942107718112	36.19146381059499,-79.61943553497746	36.19127376390189,-79.61946198628372	36.191097377832214,-79.61967475089777	36.19101419075243,-79.61981652535624	36.19111048179214,-79.61995828434644	36.191207673973196,-79.62008911440981	36.19129392215136,-79.62022104085541	36.191381084313804,-79.62035187149877	36.19146733221471,-79.6204838143412	36.191553592794094,-79.6206146455631	36.19163984041772,-79.62074657317821	36.19172700202098,-79.6208774049801	36.19181324936736,-79.62100934898622	36.1918995093874,-79.62114018136667	36.191985756456454,-79.6212721101513	36.19207291750053,-79.62140294311173	36.19215916429233,-79.62153488828154	36.192245423753015,-79.62166572182056	36.1923316702675,-79.6217976517747	36.192418830752345,-79.62192848589372	36.192505076989534,-79.62206043222724	36.19259133589086,-79.62219126692483	36.19267758185073,-79.62232319804852	36.192764741776344,-79.62245403332614	36.19285098745891,-79.62258598082339	36.192937245800834,-79.62271681667957	36.19302349120609,-79.62284874897281	36.19311065057242,-79.62297958540901	36.19319689570036,-79.62311042213388	36.193283140690234,-79.6232423710848	36.19336939833346,-79.62337320838824	36.19345564304598,-79.62350514214245	36.1935428017138,-79.62363598002591	36.19362904614899,-79.6237679301406	36.19371530323278,-79.62389876860266	36.19380154739063,-79.62403070352647	36.19388870549913,-79.6242195369153	36.1938385902306,-79.62427753105402	36.193702231046096,-79.62433552498473	36.19356587182613,-79.62439351870741	36.19342951257068,-79.62446267889139	36.193290577166955,-79.6245318388242	36.19315164171484,-79.62460211043883	36.19301271899307,-79.62471902713168	36.192813932683414,-79.6248715091391	36.19261645638522,-79.62505106355357	36.192460759265444,-79.62521221193661	36.1923400083944,-79.62537445599217	36.19222017136984,-79.6254963868392	36.19211609789012,-79.6256094850198	36.192008316904,-79.62575054476181	36.19182783649054,-79.62582686081669	36.19166103631594,-79.62586391312048	36.19151361798091,-79.6259009495275	36.19136710093346,-79.62593800153655	36.19121968256248,-79.62597392574361	36.19107315271377,-79.62601097746	36.1909257343072,-79.62604801328163	36.19077921718837,-79.62608506470329	36.190631798745855,-79.62611854409101	36.190497861580496,-79.6261520391032	36.1903630230946,-79.62618551824801	36.19022908589974,-79.62622012490887	36.190094260147056,-79.62625360380889	36.18996032292233,-79.62628709833152	36.189825484376925,-79.626328706549	36.18967180772305,-79.62637033033718	36.18951722974135,-79.62641082632781	36.18936354028303,-79.62645244977247	36.18920896225802,-79.62649405730293	36.18905528551728,-79.62654764344988	36.188916170007445,-79.62660121366031	36.18877795577262,-79.62667810151311	36.18864181204151,-79.62675389296099	36.1885047541886,-79.62683078027003	36.18836861034191,-79.62690768304252	36.18823156513066,-79.62698456980591	36.18809542116763,-79.62706145629696	36.187959277146454,-79.62714185633395	36.18774925143533,-79.62717204416671	36.187612571667,-79.62720110429902	36.18747678043952,-79.62723127617758	36.18734100195241,-79.62726314184917	36.18717188785646,-79.62729500737206	36.18700277374443,-79.62732687274627	36.18683365961633,-79.62734721054925	36.18668785193708,-79.62736867584046	36.186541155693504,-79.62738901347275	36.18639534799695,-79.6274093667498	36.18624863898492,-79.62743081605012	36.18610284402159,-79.62745116915586	36.18595613499218,-79.62747152217682	36.185809425954176,-79.62749500614541	36.18567447214778,-79.62751850575323	36.18553861702502,-79.62754200527233	36.18540276189291,-79.6275655047027	36.18526690675144,-79.62758900404435	36.1851310516006,-79.62761250329729	36.184995196440404,-79.62765042466008	36.184861309609154,-79.62768945770402	36.18472743550772,-79.62774065768141	36.18459730683458,-79.62779187320656	36.184466276825844,-79.62785866964346	36.18433452392402,-79.62792546585055	36.184202770977286,-79.62799226182783	36.18407101798562,-79.6280590575753	36.18393926494904,-79.62811609836297	36.18379297625773,-79.62813876737428	36.18364088465693,-79.6281223189378	36.18350006404177,-79.62807375416195	36.183351663403286,-79.62802517384073	36.18320416405303,-79.6282164383692	36.18314054765647,-79.62840770259655	36.18307693094689,-79.62860522873633	36.18303682435943,-79.62880165860237	36.18299580339674,-79.62908377486754	36.182951256118415,-79.62926538976113	36.18293079892674,-79.62944698886541	36.182911242765535,-79.62962747609595	36.18289167359778,-79.62982340274024	36.18287949280345,-79.63001932933426	36.182867311687026,-79.63021525587801	36.18285513024849,-79.63039328385051	36.182849054099535,-79.63057131180415	36.182842977685134,-79.6307493240502	36.18283780231396,-79.63092735196813	36.18283172536876,-79.63117744246254	36.18283819164088,-79.63142754869607	36.18284375608232,-79.63160978859507	36.182851248604656,-79.63179202853783	36.18285874085017,-79.63197426852435	36.18286623281894,-79.63230418900777	36.18288622995927,-79.63263249654491	36.18293505539263,-79.63286630193298	36.18298280056287,-79.63304248218496	36.18301906932225,-79.63321755081108	36.18305532512985,-79.63345375277747	36.183093180152134,-79.63368884318828	36.18313102202153,-79.63397206985488	36.183150481550925,-79.63425658061753	36.18316003868954,-79.63439790417627	36.18315443925594,-79.6345840751281	36.183127715542085,-79.63467450621671	36.18310711138918,-79.63479569098786	36.18304448798064,-79.63492299762343	36.18294948067545,-79.6350448700967	36.18284719935131,-79.6351729892873	36.182705323625854,-79.63528072050725	36.182584851027386,-79.63538954754789	36.182465292308336,-79.6354972781017	36.182344819496095,-79.63561311910743	36.18220550776727,-79.63572894406718	36.182067097225044,-79.63582981529488	36.181957363779084,-79.63592955882964	36.181848518880805",pending
abU6,l,Line 3,,"aF78,aF79",,0.42,"aiQU,aorH",,,,,LineString,"-79.62575054476181	36.19182783649054,-79.62655755886853	36.19204173778374",pending
abU9,l,Line 4,,"aF78,aGHK",,0.42,"aiQU,anzR",,,,,LineString,"-79.62575054476181	36.19182783649054,-79.62609524594545	36.19208601319689",pending
abWX,l,Line 5,,"aGH3,aGH4",,0.42,"aiM9,aiQV,aorE",,,,,LineString,"-79.62706145629696	36.187959277146454,-79.62745035755789	36.188169276698055",pending
abWY,l,Line 6,,"aGH3,aGH5",,0.42,"aiM9,aiQV,aor5",,,,,LineString,"-79.62706145629696	36.187959277146454,-79.62730987363217	36.1879350819074",pending
abWZ,l,Line 7,,"aGH3,aGH6,aGHY",,0.42,"aiM9,aiQV",,,,,LineString,"-79.62706145629696	36.187959277146454,-79.62698456980591	36.18809542116763,-79.62690768304252	36.18823156513066",pending
ackE,l,Line 8,,"aGH3,aHWX",,0.42,"aiM9,aiQV,aosF",,,,,LineString,"-79.62706145629696	36.187959277146454,-79.62669659778422	36.18790100202967",pending
ackG,l,Line 9,,"aGH3,aHV2",,0.42,"aiM9,aiQV",,,,,LineString,"-79.62706145629696	36.187959277146454,-79.62714185633395	36.18774925143533",pending
adns,l,Line 10,,"aRS6,aRS7",,0.42,"ajqN,aoB0",,,,,LineString,"-79.62944698886541	36.182911242765535,-79.62943266770361	36.18245672881442",pending
adn2,l,Line 11,,"aRX2,aRX3",,0.42,"ajrx,aoC3",,,,,LineString,"-79.63039328385051	36.182849054099535,-79.63040081248835	36.18209729911571",pending
adox,l,Line 12,,"aR01,aR02",,0.42,"ajrw,aoC1",,,,,LineString,"-79.63368884318828	36.18313102202153,-79.63357564515626	36.18375806720667",pending
adtJ,l,Line 13,,"aUZ8,aUZ9",,0.42,"ajq9,aoCV",,,,,LineString,"-79.63592955882964	36.181848518880805,-79.63544274841463	36.18157793235379",pending
aeIL,l,Line 14,,"bdrW,bdrX,bdrY,bdrZ,bdr0,bdr1,bdr2,bdr3,bdr4",,0.42,"ajNR,ajOX,ajO0",,,,,LineString,"-79.61592070470319	36.191881185272834,-79.61464599587815	36.19200812017905,-79.61465910152715	36.192148002054026,-79.61474481678714	36.19245910503239,-79.61482351021539	36.19260064750622,-79.61489429283984	36.19268620630802,-79.61514430351042	36.192888327700906,-79.61525224065646	36.19294817315381,-79.61536028906482	36.19300170940315",pending
aeIM,l,Line 15,,"bdr5,bdr6",,0.42,"ajM5,anzS",,,,,LineString,"-79.62245403332614	36.19285098745891,-79.62218052147975	36.19322736443852",pending
aeI2,l,Line 16,,"bdrX,bdsP",,0.42,"ajOX,ajO0,anz8",,,,,LineString,"-79.61464599587815	36.19200812017905,-79.61507219238997	36.191994121640846",pending
aeI3,l,Line 17,,"bdsQ,bdsR",,0.42,"ajOY,anz5",,,,,LineString,"-79.6129628418195	36.19108984470666,-79.61280797936968	36.1914838017088",pending
aeJT,l,Line 18,,"bdsQ,bdtv",,0.42,ajOY,,,,,LineString,"-79.6129628418195	36.19108984470666,-79.61460448710302	36.19158664618776",pending
aeJV,l,Line 19,,"bdsQ,bdtx",,0.42,"ajOY,anAW",,,,,LineString,"-79.6129628418195	36.19108984470666,-79.61366071639112	36.191435987472886",pending
aeJ1,l,Line 20,,"bdsQ,bdtF",,0.42,"ajOY,anz2",,,,,LineString,"-79.6129628418195	36.19108984470666,-79.61302907551273	36.19137007261879",pending
aeKV,l,Line 21,,"bdrX,bduB",,0.42,"ajOX,ajO0,anAO",,,,,LineString,"-79.61464599587815	36.19200812017905,-79.6138310742208	36.19199237394341",pending
aeKY,l,Line 22,,"bduE,bduF",,0.42,"ajT4,anBI",,,,,LineString,"-79.61451693020452	36.1911907821637,-79.61526412415466	36.19088390982859",pending
aeLR,l,Line 23,,"bdu1,bdu2",,0.42,"ajS7,anA9",,,,,LineString,"-79.61310472863249	36.19042258714075,-79.61282465831006	36.19047523339764",pending
aeO9,l,Line 24,,"bdyG,bdyH",,0.42,ajNO,,,,,LineString,"-79.6172364695739	36.19319288052449,-79.61706872634849	36.1931819274634",pending
aePR,l,Line 25,,"bdyG,bdyI",,0.42,ajNO,,,,,LineString,"-79.6172364695739	36.19319288052449,-79.61740422870136	36.19320293204936",pending
aePV,l,Line 26,,"bdr0,bdrZ",,0.42,ajNR,,,,,LineString,"-79.61482351021539	36.19260064750622,-79.61474481678714	36.19245910503239",pending
aePY,l,Line 27,,"bdr0,bdr1",,0.42,ajNR,,,,,LineString,"-79.61482351021539	36.19260064750622,-79.61489429283984	36.19268620630802",pending
aeQ5,l,Line 28,,"bdr0,bdzN",,0.42,"ajNR,anAJ",,,,,LineString,"-79.61482351021539	36.19260064750622,-79.61422026069185	36.19275322678215",pending
ae45,l,Line 29,,"bdGT,bdGU",,0.42,"ajO5,anBC",,,,,LineString,"-79.61946198628372	36.191097377832214,-79.6185929651453	36.190996300425056",pending
afgj,l,Line 30,,"bdGT,bdGZ",,0.42,ajO5,,,,,LineString,"-79.61946198628372	36.191097377832214,-79.61948843745847	36.190920991749074",pending
afgp,l,Line 31,,"bdGT,bdHS",,0.42,ajO5,,,,,LineString,"-79.61946198628372	36.191097377832214,-79.61943553497746	36.19127376390189",pending
afgy,l,Line 32,,"bdH8,bdH9",,0.42,"ajM3,anzQ",,,,,LineString,"-79.62446267889139	36.193290577166955,-79.62399908012085	36.1931536309396",pending
aF78,p,Pole 1,"-79.62575054476181,36.19182783649054",aiQU,,,,"abU6,abU9,ahrK",,,,Point,"-79.62575054476181,36.19182783649054",pending
aF79,p,Pole 2,"-79.62655755886853,36.19204173778374",aorH,,,,abU6,,,,Point,"-79.62655755886853,36.19204173778374",pending
aGHK,p,Pole 3,"-79.62609524594545,36.19208601319689",anzR,,,,abU9,,,,Point,"-79.62609524594545,36.19208601319689",pending
aGHY,p,Pole 4,"-79.62690768304252,36.18823156513066",,,,,"abWZ,ahrK",,,,Point,"-79.62690768304252,36.18823156513066",pending
aGH3,p,Pole 5,"-79.62706145629696,36.187959277146454","aiM9,aiQV",,,,"abWX,abWY,abWZ,ackE,ackG,ahrK",,,,Point,"-79.62706145629696,36.187959277146454",pending
aGH4,p,Pole 6,"-79.62745035755789,36.188169276698055",aorE,,,,abWX,,,,Point,"-79.62745035755789,36.188169276698055",pending
aGH5,p,Pole 7,"-79.62730987363217,36.1879350819074",aor5,,,,abWY,,,,Point,"-79.62730987363217,36.1879350819074",pending
aGH6,p,Pole 8,"-79.62698456980591,36.18809542116763",,,,,"abWZ,ahrK",,,,Point,"-79.62698456980591,36.18809542116763",pending
aHV2,p,Pole 9,"-79.62714185633395,36.18774925143533",,,,,"ackG,ahrK",,,,Point,"-79.62714185633395,36.18774925143533",pending
aHWX,p,Pole 10,"-79.62669659778422,36.18790100202967",aosF,,,,ackE,,,,Point,"-79.62669659778422,36.18790100202967",pending
aRS6,p,Pole 11,"-79.62944698886541,36.182911242765535",ajqN,,,,"adns,ahrK",,,,Point,"-79.62944698886541,36.182911242765535",pending
aRS7,p,Pole 12,"-79.62943266770361,36.18245672881442",aoB0,,,,adns,,,,Point,"-79.62943266770361,36.18245672881442",pending
aRX2,p,Pole 13,"-79.63039328385051,36.182849054099535",ajrx,,,,"adn2,ahrK",,,,Point,"-79.63039328385051,36.182849054099535",pending
aRX3,p,Pole 14,"-79.63040081248835,36.18209729911571",aoC3,,,,adn2,,,,Point,"-79.63040081248835,36.18209729911571",pending
aR01,p,Pole 15,"-79.63368884318828,36.18313102202153",ajrw,,,,"adox,ahrK",,,,Point,"-79.63368884318828,36.18313102202153",pending
aR02,p,Pole 16,"-79.63357564515626,36.18375806720667",aoC1,,,,adox,,,,Point,"-79.63357564515626,36.18375806720667",pending
aUZ8,p,Pole 17,"-79.63592955882964,36.181848518880805",ajq9,,,,"adtJ,ahrK",,,,Point,"-79.63592955882964,36.181848518880805",pending
aUZ9,p,Pole 18,"-79.63544274841463,36.18157793235379",aoCV,,,,adtJ,,,,Point,"-79.63544274841463,36.18157793235379",pending
bchX,p,Pole 19,"-79.62917728566403,36.196790152158435",,,,,ahwT,,,,Point,"-79.62917728566403,36.196790152158435",pending
bcnL,p,Pole 20,"-79.63466332750545,36.20507982804921",,,,,ahwT,,,,Point,"-79.63466332750545,36.20507982804921",pending
bcnY,p,Pole 21,"-79.63479405592699,36.205174172556156",,,,,ahwT,,,,Point,"-79.63479405592699,36.205174172556156",pending
bcoI,p,Pole 22,"-79.63492478466338,36.20526851692551",,,,,ahwT,,,,Point,"-79.63492478466338,36.20526851692551",pending
bcqE,p,Pole 23,"-79.63414154473297,36.2047015600326",,,,,ahwT,,,,Point,"-79.63414154473297,36.2047015600326",pending
bcv0,p,Pole 24,"-79.6294595303816,36.1995483254956",,,,,ahwT,,,,Point,"-79.6294595303816,36.1995483254956",pending
bcv2,p,Pole 25,"-79.62958986050309,36.19775045243734",,,,,ahwT,,,,Point,"-79.62958986050309,36.19775045243734",pending
bcw1,p,Pole 26,"-79.62952979821186,36.19858003308748",,,,,ahwT,,,,Point,"-79.62952979821186,36.19858003308748",pending
bcw2,p,Pole 27,"-79.62953998618116,36.198442222432895",,,,,ahwT,,,,Point,"-79.62953998618116,36.198442222432895",pending
bcw3,p,Pole 28,"-79.62955018981818,36.19830351046768",,,,,ahwT,,,,Point,"-79.62955018981818,36.19830351046768",pending
bcxC,p,Pole 29,"-79.62951959448706,36.19871874504316",,,,,ahwT,,,,Point,"-79.62951959448706,36.19871874504316",pending
bcxI,p,Pole 30,"-79.62951051844831,36.19885656842314",,,,,ahwT,,,,Point,"-79.62951051844831,36.19885656842314",pending
bdrW,p,Pole 31,"-79.61592070470319,36.191881185272834",,,,,aeIL,,,,Point,"-79.61592070470319,36.191881185272834",pending
bdrX,p,Pole 32,"-79.61464599587815,36.19200812017905","ajOX,ajO0",,,,"aeIL,aeI2,aeKV,ahrK,ahwT",,,,Point,"-79.61464599587815,36.19200812017905",pending
bdrY,p,Pole 33,"-79.61465910152715,36.192148002054026",,,,,"aeIL,ahrK,ahwT",,,,Point,"-79.61465910152715,36.192148002054026",pending
bdrZ,p,Pole 34,"-79.61474481678714,36.19245910503239",,,,,"aeIL,aePV,ahrK,ahwT",,,,Point,"-79.61474481678714,36.19245910503239",pending
bdr0,p,Pole 35,"-79.61482351021539,36.19260064750622",ajNR,,,,"aeIL,aePV,aePY,aeQ5,ahrK,ahwT",,,,Point,"-79.61482351021539,36.19260064750622",pending
bdr1,p,Pole 36,"-79.61489429283984,36.19268620630802",,,,,"aeIL,aePY,ahrK,ahwT",,,,Point,"-79.61489429283984,36.19268620630802",pending
bdr2,p,Pole 37,"-79.61514430351042,36.192888327700906",,,,,"aeIL,ahrK,ahwT",,,,Point,"-79.61514430351042,36.192888327700906",pending
bdr3,p,Pole 38,"-79.61525224065646,36.19294817315381",,,,,"aeIL,ahrK,ahwT",,,,Point,"-79.61525224065646,36.19294817315381",pending
bdr4,p,Pole 39,"-79.61536028906482,36.19300170940315",,,,,"aeIL,ahrK,ahwT",,,,Point,"-79.61536028906482,36.19300170940315",pending
bdr5,p,Pole 40,"-79.62245403332614,36.19285098745891",ajM5,,,,"aeIM,ahrK,ahwT",,,,Point,"-79.62245403332614,36.19285098745891",pending
bdr6,p,Pole 41,"-79.62218052147975,36.19322736443852",anzS,,,,aeIM,,,,Point,"-79.62218052147975,36.19322736443852",pending
bdr7,p,Pole 42,"-79.62709013942712,36.195935056686864",,,,,ahwT,,,,Point,"-79.62709013942712,36.195935056686864",pending
bdsA,p,Pole 43,"-79.62748584068096,36.196203730846634",,,,,ahwT,,,,Point,"-79.62748584068096,36.196203730846634",pending
bdsE,p,Pole 44,"-79.6253698951013,36.19477132441942",,,,,ahwT,,,,Point,"-79.6253698951013,36.19477132441942",pending
bdsH,p,Pole 45,"-79.62669445663347,36.1956654799597",,,,,ahwT,,,,Point,"-79.62669445663347,36.1956654799597",pending
bdsP,p,Pole 46,"-79.61507219238997,36.191994121640846",anz8,,,,aeI2,,,,Point,"-79.61507219238997,36.191994121640846",pending
bdsQ,p,Pole 47,"-79.6129628418195,36.19108984470666",ajOY,,,,"aeI3,aeJT,aeJV,aeJ1,ahrK,ahwT",,,,Point,"-79.6129628418195,36.19108984470666",pending
bdsR,p,Pole 48,"-79.61280797936968,36.1914838017088",anz5,,,,aeI3,,,,Point,"-79.61280797936968,36.1914838017088",pending
bdsS,p,Pole 49,"-79.62800318182555,36.196576567687394",,,,,ahwT,,,,Point,"-79.62800318182555,36.196576567687394",pending
bdsU,p,Pole 50,"-79.62735394520614,36.196113872498486",,,,,ahwT,,,,Point,"-79.62735394520614,36.196113872498486",pending
bdsV,p,Pole 51,"-79.62722205003426,36.19602401401011",,,,,ahwT,,,,Point,"-79.62722205003426,36.19602401401011",pending
bdsY,p,Pole 52,"-79.62656256297478,36.19557562077022",,,,,ahwT,,,,Point,"-79.62656256297478,36.19557562077022",pending
bds1,p,Pole 53,"-79.62695824485965,36.19584519791802",,,,,ahwT,,,,Point,"-79.62695824485965,36.19584519791802",pending
bds2,p,Pole 54,"-79.6268263505951,36.19575533900896",,,,,ahwT,,,,Point,"-79.6268263505951,36.19575533900896",pending
bdtv,p,Pole 55,"-79.61460448710302,36.19158664618776",,,,,"aeJT,ahrK,ahwT",,,,Point,"-79.61460448710302,36.19158664618776",pending
bdtx,p,Pole 56,"-79.61366071639112,36.191435987472886",anAW,,,,aeJV,,,,Point,"-79.61366071639112,36.191435987472886",pending
bdtF,p,Pole 57,"-79.61302907551273,36.19137007261879",anz2,,,,aeJ1,,,,Point,"-79.61302907551273,36.19137007261879",pending
bduB,p,Pole 58,"-79.6138310742208,36.19199237394341",anAO,,,,aeKV,,,,Point,"-79.6138310742208,36.19199237394341",pending
bduE,p,Pole 59,"-79.61451693020452,36.1911907821637",ajT4,,,,"aeKY,ahrK,ahwT",,,,Point,"-79.61451693020452,36.1911907821637",pending
bduF,p,Pole 60,"-79.61526412415466,36.19088390982859",anBI,,,,aeKY,,,,Point,"-79.61526412415466,36.19088390982859",pending
bduG,p,Pole 61,"-79.61334764821876,36.19008013308367",,,,,"ahrK,ahwT",,,,Point,"-79.61334764821876,36.19008013308367",pending
bduW,p,Pole 62,"-79.61326532223016,36.189955675763116",,,,,"ahrK,ahwT",,,,Point,"-79.61326532223016,36.189955675763116",pending
bdu1,p,Pole 63,"-79.61310472863249,36.19042258714075",ajS7,,,,"aeLR,ahrK,ahwT",,,,Point,"-79.61310472863249,36.19042258714075",pending
bdu2,p,Pole 64,"-79.61282465831006,36.19047523339764",anA9,,,,aeLR,,,,Point,"-79.61282465831006,36.19047523339764",pending
bdyG,p,Pole 65,"-79.6172364695739,36.19319288052449",ajNO,,,,"aeO9,aePR,ahrK,ahwT",,,,Point,"-79.6172364695739,36.19319288052449",pending
bdyH,p,Pole 66,"-79.61706872634849,36.1931819274634",,,,,"aeO9,ahrK,ahwT",,,,Point,"-79.61706872634849,36.1931819274634",pending
bdyI,p,Pole 67,"-79.61740422870136,36.19320293204936",,,,,"aePR,ahrK,ahwT",,,,Point,"-79.61740422870136,36.19320293204936",pending
bdyS,p,Pole 68,"-79.6246991993472,36.19432910268481",,,,,ahwT,,,,Point,"-79.6246991993472,36.19432910268481",pending
bdy1,p,Pole 69,"-79.63210955374967,36.20372998701347",,,,,ahwT,,,,Point,"-79.63210955374967,36.20372998701347",pending
bdzN,p,Pole 70,"-79.61422026069185,36.19275322678215",anAJ,,,,aeQ5,,,,Point,"-79.61422026069185,36.19275322678215",pending
bdGT,p,Pole 71,"-79.61946198628372,36.191097377832214",ajO5,,,,"ae45,afgj,afgp,ahrK,ahwT",,,,Point,"-79.61946198628372,36.191097377832214",pending
bdGU,p,Pole 72,"-79.6185929651453,36.190996300425056",anBC,,,,ae45,,,,Point,"-79.6185929651453,36.190996300425056",pending
bdGZ,p,Pole 73,"-79.61948843745847,36.190920991749074",,,,,afgj,,,,Point,"-79.61948843745847,36.190920991749074",pending
bdHS,p,Pole 74,"-79.61943553497746,36.19127376390189",,,,,"afgp,ahrK,ahwT",,,,Point,"-79.61943553497746,36.19127376390189",pending
bdH8,p,Pole 75,"-79.62446267889139,36.193290577166955",ajM3,,,,"afgy,ahrK",,,,Point,"-79.62446267889139,36.193290577166955",pending
bdH9,p,Pole 76,"-79.62399908012085,36.1931536309396",anzQ,,,,afgy,,,,Point,"-79.62399908012085,36.1931536309396",pending
bgyH,p,Pole 77,"-79.62761773645872,36.196293589054555",,,,,ahwT,,,,Point,"-79.62761773645872,36.196293589054555",pending
bgyI,p,Pole 78,"-79.6277496325394,36.196383447122265",,,,,ahwT,,,,Point,"-79.6277496325394,36.196383447122265",pending
bgyJ,p,Pole 79,"-79.62788152892304,36.19647330504974",,,,,ahwT,,,,Point,"-79.62788152892304,36.19647330504974",pending
bgyP,p,Pole 80,"-79.62611854409101,36.190497861580496",,,,,ahrK,,,,Point,"-79.62611854409101,36.190497861580496",pending
bgyQ,p,Pole 81,"-79.6261520391032,36.1903630230946",,,,,ahrK,,,,Point,"-79.6261520391032,36.1903630230946",pending
bgyR,p,Pole 82,"-79.62618551824801,36.19022908589974",,,,,ahrK,,,,Point,"-79.62618551824801,36.19022908589974",pending
bgyS,p,Pole 83,"-79.62622012490887,36.190094260147056",,,,,ahrK,,,,Point,"-79.62622012490887,36.190094260147056",pending
bgyT,p,Pole 84,"-79.62625360380889,36.18996032292233",,,,,ahrK,,,,Point,"-79.62625360380889,36.18996032292233",pending
bgyU,p,Pole 85,"-79.62628709833152,36.189825484376925",,,,,ahrK,,,,Point,"-79.62628709833152,36.189825484376925",pending
bgyV,p,Pole 86,"-79.626328706549,36.18967180772305",,,,,ahrK,,,,Point,"-79.626328706549,36.18967180772305",pending
bgyW,p,Pole 87,"-79.62637033033718,36.18951722974135",,,,,ahrK,,,,Point,"-79.62637033033718,36.18951722974135",pending
bgyX,p,Pole 88,"-79.62641082632781,36.18936354028303",,,,,ahrK,,,,Point,"-79.62641082632781,36.18936354028303",pending
bgyY,p,Pole 89,"-79.62645244977247,36.18920896225802",,,,,ahrK,,,,Point,"-79.62645244977247,36.18920896225802",pending
bgyZ,p,Pole 90,"-79.62649405730293,36.18905528551728",,,,,ahrK,,,,Point,"-79.62649405730293,36.18905528551728",pending
bgy0,p,Pole 91,"-79.62654764344988,36.188916170007445",,,,,ahrK,,,,Point,"-79.62654764344988,36.188916170007445",pending
bgy1,p,Pole 92,"-79.62660121366031,36.18877795577262",,,,,ahrK,,,,Point,"-79.62660121366031,36.18877795577262",pending
bgy2,p,Pole 93,"-79.62667810151311,36.18864181204151",,,,,ahrK,,,,Point,"-79.62667810151311,36.18864181204151",pending
bgy3,p,Pole 94,"-79.62675389296099,36.1885047541886",,,,,ahrK,,,,Point,"-79.62675389296099,36.1885047541886",pending
bgy4,p,Pole 95,"-79.62683078027003,36.18836861034191",,,,,ahrK,,,,Point,"-79.62683078027003,36.18836861034191",pending
bgy5,p,Pole 96,"-79.62550515342443,36.19485942057982",,,,,ahwT,,,,Point,"-79.62550515342443,36.19485942057982",pending
bgy6,p,Pole 97,"-79.62563930009163,36.194947503822945",,,,,ahwT,,,,Point,"-79.62563930009163,36.194947503822945",pending
bgy7,p,Pole 98,"-79.6257711916313,36.19503736399391",,,,,ahwT,,,,Point,"-79.6257711916313,36.19503736399391",pending
bgy8,p,Pole 99,"-79.62590308347391,36.195127224024674",,,,,ahwT,,,,Point,"-79.62590308347391,36.195127224024674",pending
bgy9,p,Pole 100,"-79.62603497561945,36.195217083915225",,,,,ahwT,,,,Point,"-79.62603497561945,36.195217083915225",pending
bgzA,p,Pole 101,"-79.6261668680679,36.195306943665585",,,,,ahwT,,,,Point,"-79.6261668680679,36.195306943665585",pending
bgzB,p,Pole 102,"-79.62629876081925,36.19539680327573",,,,,ahwT,,,,Point,"-79.62629876081925,36.19539680327573",pending
bgzC,p,Pole 103,"-79.62643066961901,36.19548576144052",,,,,ahwT,,,,Point,"-79.62643066961901,36.19548576144052",pending
bgzT,p,Pole 104,"-79.6245318388242,36.19315164171484",,,,,ahrK,,,,Point,"-79.6245318388242,36.19315164171484",pending
bgzU,p,Pole 105,"-79.62460211043883,36.19301271899307",,,,,ahrK,,,,Point,"-79.62460211043883,36.19301271899307",pending
bgzV,p,Pole 106,"-79.62471902713168,36.192813932683414",,,,,ahrK,,,,Point,"-79.62471902713168,36.192813932683414",pending
bgzW,p,Pole 107,"-79.6248715091391,36.19261645638522",,,,,ahrK,,,,Point,"-79.6248715091391,36.19261645638522",pending
bgzX,p,Pole 108,"-79.62505106355357,36.192460759265444",,,,,ahrK,,,,Point,"-79.62505106355357,36.192460759265444",pending
bgzY,p,Pole 109,"-79.62521221193661,36.1923400083944",,,,,ahrK,,,,Point,"-79.62521221193661,36.1923400083944",pending
bgzZ,p,Pole 110,"-79.62537445599217,36.19222017136984",,,,,ahrK,,,,Point,"-79.62537445599217,36.19222017136984",pending
bgz0,p,Pole 111,"-79.6254963868392,36.19211609789012",,,,,ahrK,,,,Point,"-79.6254963868392,36.19211609789012",pending
bgz1,p,Pole 112,"-79.6256094850198,36.192008316904",,,,,ahrK,,,,Point,"-79.6256094850198,36.192008316904",pending
bgz2,p,Pole 113,"-79.61457718013406,36.19130596823243",,,,,"ahrK,ahwT",,,,Point,"-79.61457718013406,36.19130596823243",pending
bgz3,p,Pole 114,"-79.61459026970579,36.19144675142696",,,,,"ahrK,ahwT",,,,Point,"-79.61459026970579,36.19144675142696",pending
bgz4,p,Pole 115,"-79.61461868866402,36.19172744224601",,,,,"ahrK,ahwT",,,,Point,"-79.61461868866402,36.19172744224601",pending
bgz5,p,Pole 116,"-79.61463179423404,36.1918673241283",,,,,"ahrK,ahwT",,,,Point,"-79.61463179423404,36.1918673241283",pending
bgz6,p,Pole 117,"-79.62456507056653,36.194240117119676",,,,,ahwT,,,,Point,"-79.62456507056653,36.194240117119676",pending
bgz7,p,Pole 118,"-79.62443092632353,36.19415203271403",,,,,ahwT,,,,Point,"-79.62443092632353,36.19415203271403",pending
bgz8,p,Pole 119,"-79.6242967981519,36.194063046858666",,,,,ahwT,,,,Point,"-79.6242967981519,36.194063046858666",pending
bgz9,p,Pole 120,"-79.62416154256856,36.19397494937963",,,,,ahwT,,,,Point,"-79.62416154256856,36.19397494937963",pending
bgAB,p,Pole 121,"-79.6242195369153,36.1938385902306",,,,,ahrK,,,,Point,"-79.6242195369153,36.1938385902306",pending
bgAC,p,Pole 122,"-79.62427753105402,36.193702231046096",,,,,ahrK,,,,Point,"-79.62427753105402,36.193702231046096",pending
bgAD,p,Pole 123,"-79.62433552498473,36.19356587182613",,,,,ahrK,,,,Point,"-79.62433552498473,36.19356587182613",pending
bgAE,p,Pole 124,"-79.62439351870741,36.19342951257068",,,,,ahrK,,,,Point,"-79.62439351870741,36.19342951257068",pending
bgAF,p,Pole 125,"-79.62258598082339,36.192937245800834",,,,,"ahrK,ahwT",,,,Point,"-79.62258598082339,36.192937245800834",pending
bgAG,p,Pole 126,"-79.62271681667957,36.19302349120609",,,,,"ahrK,ahwT",,,,Point,"-79.62271681667957,36.19302349120609",pending
bgAH,p,Pole 127,"-79.62284874897281,36.19311065057242",,,,,"ahrK,ahwT",,,,Point,"-79.62284874897281,36.19311065057242",pending
bgAI,p,Pole 128,"-79.62297958540901,36.19319689570036",,,,,"ahrK,ahwT",,,,Point,"-79.62297958540901,36.19319689570036",pending
bgAJ,p,Pole 129,"-79.62311042213388,36.193283140690234",,,,,"ahrK,ahwT",,,,Point,"-79.62311042213388,36.193283140690234",pending
bgAK,p,Pole 130,"-79.6232423710848,36.19336939833346",,,,,"ahrK,ahwT",,,,Point,"-79.6232423710848,36.19336939833346",pending
bgAL,p,Pole 131,"-79.62337320838824,36.19345564304598",,,,,"ahrK,ahwT",,,,Point,"-79.62337320838824,36.19345564304598",pending
bgAM,p,Pole 132,"-79.62350514214245,36.1935428017138",,,,,"ahrK,ahwT",,,,Point,"-79.62350514214245,36.1935428017138",pending
bgAN,p,Pole 133,"-79.62363598002591,36.19362904614899",,,,,"ahrK,ahwT",,,,Point,"-79.62363598002591,36.19362904614899",pending
bgAO,p,Pole 134,"-79.6237679301406,36.19371530323278",,,,,"ahrK,ahwT",,,,Point,"-79.6237679301406,36.19371530323278",pending
bgAP,p,Pole 135,"-79.62389876860266,36.19380154739063",,,,,"ahrK,ahwT",,,,Point,"-79.62389876860266,36.19380154739063",pending
bgAQ,p,Pole 136,"-79.62403070352647,36.19388870549913",,,,,"ahrK,ahwT",,,,Point,"-79.62403070352647,36.19388870549913",pending
bgAS,p,Pole 137,"-79.62582686081669,36.19166103631594",,,,,ahrK,,,,Point,"-79.62582686081669,36.19166103631594",pending
bgAT,p,Pole 138,"-79.62586391312048,36.19151361798091",,,,,ahrK,,,,Point,"-79.62586391312048,36.19151361798091",pending
bgAU,p,Pole 139,"-79.6259009495275,36.19136710093346",,,,,ahrK,,,,Point,"-79.6259009495275,36.19136710093346",pending
bgAV,p,Pole 140,"-79.62593800153655,36.19121968256248",,,,,ahrK,,,,Point,"-79.62593800153655,36.19121968256248",pending
bgAW,p,Pole 141,"-79.62597392574361,36.19107315271377",,,,,ahrK,,,,Point,"-79.62597392574361,36.19107315271377",pending
bgAX,p,Pole 142,"-79.62601097746,36.1909257343072",,,,,ahrK,,,,Point,"-79.62601097746,36.1909257343072",pending
bgAY,p,Pole 143,"-79.62604801328163,36.19077921718837",,,,,ahrK,,,,Point,"-79.62604801328163,36.19077921718837",pending
bgAZ,p,Pole 144,"-79.62608506470329,36.190631798745855",,,,,ahrK,,,,Point,"-79.62608506470329,36.190631798745855",pending
bgA0,p,Pole 145,"-79.6248333441963,36.19441718680015",,,,,ahwT,,,,Point,"-79.6248333441963,36.19441718680015",pending
bgA1,p,Pole 146,"-79.62496748934768,36.19450527077031",,,,,ahwT,,,,Point,"-79.62496748934768,36.19450527077031",pending
bgA2,p,Pole 147,"-79.62510161904122,36.19459425590006",,,,,ahwT,,,,Point,"-79.62510161904122,36.19459425590006",pending
bgA3,p,Pole 148,"-79.62523576479872,36.194682339579906",,,,,ahwT,,,,Point,"-79.62523576479872,36.194682339579906",pending
bgA4,p,Pole 149,"-79.62812483504727,36.19667983020647",,,,,ahwT,,,,Point,"-79.62812483504727,36.19667983020647",pending
bgA5,p,Pole 150,"-79.62821334910876,36.19677009194402",,,,,ahwT,,,,Point,"-79.62821334910876,36.19677009194402",pending
bgA6,p,Pole 151,"-79.62828610682458,36.196870990848744",,,,,ahwT,,,,Point,"-79.62828610682458,36.196870990848744",pending
bgA7,p,Pole 152,"-79.62838880545014,36.197040745797246",,,,,ahwT,,,,Point,"-79.62838880545014,36.197040745797246",pending
bgA8,p,Pole 153,"-79.62854649245035,36.19699116827804",,,,,ahwT,,,,Point,"-79.62854649245035,36.19699116827804",pending
bgA9,p,Pole 154,"-79.62870419497766,36.196940689240556",,,,,ahwT,,,,Point,"-79.62870419497766,36.196940689240556",pending
bgBC,p,Pole 155,"-79.62886189730818,36.19689020999048",,,,,ahwT,,,,Point,"-79.62886189730818,36.19689020999048",pending
bgBD,p,Pole 156,"-79.6290195837253,36.19684063183368",,,,,ahwT,,,,Point,"-79.6290195837253,36.19684063183368",pending
bgBE,p,Pole 157,"-79.61773973126434,36.19322393569844",,,,,"ahrK,ahwT",,,,Point,"-79.61773973126434,36.19322393569844",pending
bgBF,p,Pole 158,"-79.61757197203374,36.19321388464208",,,,,"ahrK,ahwT",,,,Point,"-79.61757197203374,36.19321388464208",pending
bht4,p,Pole 159,"-79.60684769101411,36.19285069559501",,,,,"ahrK,ahwT,abcd",,,,Point,"-79.60684769101411,36.19285069559501",pending
bht5,p,Pole 160,"-79.61301068619757,36.1910254922684",,,,,"ahrK,ahwT",,,,Point,"-79.61301068619757,36.1910254922684",pending
bht6,p,Pole 161,"-79.61302798465202,36.19099053482561",,,,,"ahrK,ahwT",,,,Point,"-79.61302798465202,36.19099053482561",pending
bht7,p,Pole 162,"-79.6130448706264,36.190915907261775",,,,,"ahrK,ahwT",,,,Point,"-79.6130448706264,36.190915907261775",pending
bht8,p,Pole 163,"-79.61306445805657,36.190751162502316",,,,,"ahrK,ahwT",,,,Point,"-79.61306445805657,36.190751162502316",pending
bht9,p,Pole 164,"-79.6130851413911,36.19058733191921",,,,,"ahrK,ahwT",,,,Point,"-79.6130851413911,36.19058733191921",pending
bhuv,p,Pole 165,"-79.61312242579693,36.19023888926555",,,,,"ahrK,ahwT",,,,Point,"-79.61312242579693,36.19023888926555",pending
bhuw,p,Pole 166,"-79.613130068208,36.1900577793243",,,,,"ahrK,ahwT",,,,Point,"-79.613130068208,36.1900577793243",pending
bhux,p,Pole 167,"-79.61343110224279,36.190203701931345",,,,,"ahrK,ahwT",,,,Point,"-79.61343110224279,36.190203701931345",pending
bhuy,p,Pole 168,"-79.61358744867614,36.19035606117168",,,,,"ahrK,ahwT",,,,Point,"-79.61358744867614,36.19035606117168",pending
bhuz,p,Pole 169,"-79.61370387909801,36.19043854351254",,,,,"ahrK,ahwT",,,,Point,"-79.61370387909801,36.19043854351254",pending
bhuA,p,Pole 170,"-79.61385230046655,36.190535820022546",,,,,"ahrK,ahwT",,,,Point,"-79.61385230046655,36.190535820022546",pending
bhuB,p,Pole 171,"-79.61400072220444,36.19063309635491",,,,,"ahrK,ahwT",,,,Point,"-79.61400072220444,36.19063309635491",pending
bhuC,p,Pole 172,"-79.6141884737098,36.19077049325977",,,,,"ahrK,ahwT",,,,Point,"-79.6141884737098,36.19077049325977",pending
bhuD,p,Pole 173,"-79.61428802045106,36.190864498846636",,,,,"ahrK,ahwT",,,,Point,"-79.61428802045106,36.190864498846636",pending
bhuE,p,Pole 174,"-79.61436763264973,36.1909537661332",,,,,"ahrK,ahwT",,,,Point,"-79.61436763264973,36.1909537661332",pending
bhuF,p,Pole 175,"-79.6155150069164,36.19305758842085",,,,,"ahrK,ahwT",,,,Point,"-79.6155150069164,36.19305758842085",pending
bhuG,p,Pole 176,"-79.61569116901128,36.193095685584886",,,,,"ahrK,ahwT",,,,Point,"-79.61569116901128,36.193095685584886",pending
bhuH,p,Pole 177,"-79.61586780723937,36.1931067434484",,,,,"ahrK,ahwT",,,,Point,"-79.61586780723937,36.1931067434484",pending
bhuI,p,Pole 178,"-79.6160444455257,36.193117801052225",,,,,"ahrK,ahwT",,,,Point,"-79.6160444455257,36.193117801052225",pending
bhuJ,p,Pole 179,"-79.61622108387027,36.193128858396356",,,,,"ahrK,ahwT",,,,Point,"-79.61622108387027,36.193128858396356",pending
bhuK,p,Pole 180,"-79.61639772227308,36.19313991548078",,,,,"ahrK,ahwT",,,,Point,"-79.61639772227308,36.19313991548078",pending
bhuL,p,Pole 181,"-79.61656546528455,36.193150869478636",,,,,"ahrK,ahwT",,,,Point,"-79.61656546528455,36.193150869478636",pending
bhuM,p,Pole 182,"-79.61673322420572,36.19316092194053",,,,,"ahrK,ahwT",,,,Point,"-79.61673322420572,36.19316092194053",pending
bhuN,p,Pole 183,"-79.61690096732417,36.193171875470014",,,,,"ahrK,ahwT",,,,Point,"-79.61690096732417,36.193171875470014",pending
bhuO,p,Pole 184,"-79.61790747470369,36.19323488782277",,,,,"ahrK,ahwT",,,,Point,"-79.61790747470369,36.19323488782277",pending
bhuP,p,Pole 185,"-79.61807410626422,36.193245826873515",,,,,"ahrK,ahwT",,,,Point,"-79.61807410626422,36.193245826873515",pending
bhuQ,p,Pole 186,"-79.61824186565022,36.193255877228694",,,,,"ahrK,ahwT",,,,Point,"-79.61824186565022,36.193255877228694",pending
bhuR,p,Pole 187,"-79.61840960925072,36.19326682865201",,,,,"ahrK,ahwT",,,,Point,"-79.61840960925072,36.19326682865201",pending
bhuS,p,Pole 188,"-79.61857736873984,36.19327687853868",,,,,"ahrK,ahwT",,,,Point,"-79.61857736873984,36.19327687853868",pending
bhuT,p,Pole 189,"-79.61874511244727,36.19328782949361",,,,,"ahrK,ahwT",,,,Point,"-79.61874511244727,36.19328782949361",pending
bhuU,p,Pole 190,"-79.61891287203949,36.19329787891177",,,,,"ahrK,ahwT",,,,Point,"-79.61891287203949,36.19329787891177",pending
bhuV,p,Pole 191,"-79.61908061585386,36.19330882939831",,,,,"ahrK,ahwT",,,,Point,"-79.61908061585386,36.19330882939831",pending
bhuW,p,Pole 192,"-79.61924837554918,36.193318878347945",,,,,"ahrK,ahwT",,,,Point,"-79.61924837554918,36.193318878347945",pending
bhuX,p,Pole 193,"-79.61941650665493,36.193181087747135",,,,,"ahrK,ahwT",,,,Point,"-79.61941650665493,36.193181087747135",pending
bhuY,p,Pole 194,"-79.61941690965307,36.19303144582169",,,,,"ahrK,ahwT",,,,Point,"-79.61941690965307,36.19303144582169",pending
bhuZ,p,Pole 195,"-79.61941729681598,36.19288270519543",,,,,"ahrK,ahwT",,,,Point,"-79.61941729681598,36.19288270519543",pending
bhu0,p,Pole 196,"-79.6194187958948,36.19273397739233",,,,,"ahrK,ahwT",,,,Point,"-79.6194187958948,36.19273397739233",pending
bhu1,p,Pole 197,"-79.61941918303415,36.192585236758774",,,,,"ahrK,ahwT",,,,Point,"-79.61941918303415,36.192585236758774",pending
bhu2,p,Pole 198,"-79.61941958598683,36.19243559481866",,,,,"ahrK,ahwT",,,,Point,"-79.61941958598683,36.19243559481866",pending
bhu3,p,Pole 199,"-79.61941997310461,36.19228685417782",,,,,"ahrK,ahwT",,,,Point,"-79.61941997310461,36.19228685417782",pending
bhu4,p,Pole 200,"-79.61941608660189,36.19212814789412",,,,,"ahrK,ahwT",,,,Point,"-79.61941608660189,36.19212814789412",pending
bhu5,p,Pole 201,"-79.61941331202014,36.191969454433135",,,,,"ahrK,ahwT",,,,Point,"-79.61941331202014,36.191969454433135",pending
bhu6,p,Pole 202,"-79.61940940970167,36.19181164944468",,,,,"ahrK,ahwT",,,,Point,"-79.61940940970167,36.19181164944468",pending
bhu7,p,Pole 203,"-79.6194055232122,36.19165294314935",,,,,"ahrK,ahwT",,,,Point,"-79.6194055232122,36.19165294314935",pending
bhu8,p,Pole 204,"-79.61942107718112,36.19146381059499",,,,,"ahrK,ahwT",,,,Point,"-79.61942107718112,36.19146381059499",pending
bhu9,p,Pole 205,"-79.61967475089777,36.19101419075243",,,,,"ahrK,ahwT",,,,Point,"-79.61967475089777,36.19101419075243",pending
bhvw,p,Pole 206,"-79.61981652535624,36.19111048179214",,,,,"ahrK,ahwT",,,,Point,"-79.61981652535624,36.19111048179214",pending
bhvx,p,Pole 207,"-79.61995828434644,36.191207673973196",,,,,"ahrK,ahwT",,,,Point,"-79.61995828434644,36.191207673973196",pending
bhvy,p,Pole 208,"-79.62008911440981,36.19129392215136",,,,,"ahrK,ahwT",,,,Point,"-79.62008911440981,36.19129392215136",pending
bhvz,p,Pole 209,"-79.62022104085541,36.191381084313804",,,,,"ahrK,ahwT",,,,Point,"-79.62022104085541,36.191381084313804",pending
bhvA,p,Pole 210,"-79.62035187149877,36.19146733221471",,,,,"ahrK,ahwT",,,,Point,"-79.62035187149877,36.19146733221471",pending
bhvB,p,Pole 211,"-79.6204838143412,36.191553592794094",,,,,"ahrK,ahwT",,,,Point,"-79.6204838143412,36.191553592794094",pending
bhvC,p,Pole 212,"-79.6206146455631,36.19163984041772",,,,,"ahrK,ahwT",,,,Point,"-79.6206146455631,36.19163984041772",pending
bhvD,p,Pole 213,"-79.62074657317821,36.19172700202098",,,,,"ahrK,ahwT",,,,Point,"-79.62074657317821,36.19172700202098",pending
bhvE,p,Pole 214,"-79.6208774049801,36.19181324936736",,,,,"ahrK,ahwT",,,,Point,"-79.6208774049801,36.19181324936736",pending
bhvF,p,Pole 215,"-79.62100934898622,36.1918995093874",,,,,"ahrK,ahwT",,,,Point,"-79.62100934898622,36.1918995093874",pending
bhvG,p,Pole 216,"-79.62114018136667,36.191985756456454",,,,,"ahrK,ahwT",,,,Point,"-79.62114018136667,36.191985756456454",pending
bhvH,p,Pole 217,"-79.6212721101513,36.19207291750053",,,,,"ahrK,ahwT",,,,Point,"-79.6212721101513,36.19207291750053",pending
bhvI,p,Pole 218,"-79.62140294311173,36.19215916429233",,,,,"ahrK,ahwT",,,,Point,"-79.62140294311173,36.19215916429233",pending
bhvJ,p,Pole 219,"-79.62153488828154,36.192245423753015",,,,,"ahrK,ahwT",,,,Point,"-79.62153488828154,36.192245423753015",pending
bhvK,p,Pole 220,"-79.62166572182056,36.1923316702675",,,,,"ahrK,ahwT",,,,Point,"-79.62166572182056,36.1923316702675",pending
bhvL,p,Pole 221,"-79.6217976517747,36.192418830752345",,,,,"ahrK,ahwT",,,,Point,"-79.6217976517747,36.192418830752345",pending
bhvM,p,Pole 222,"-79.62192848589372,36.192505076989534",,,,,"ahrK,ahwT",,,,Point,"-79.62192848589372,36.192505076989534",pending
bhvN,p,Pole 223,"-79.62206043222724,36.19259133589086",,,,,"ahrK,ahwT",,,,Point,"-79.62206043222724,36.19259133589086",pending
bhvO,p,Pole 224,"-79.62219126692483,36.19267758185073",,,,,"ahrK,ahwT",,,,Point,"-79.62219126692483,36.19267758185073",pending
bhvP,p,Pole 225,"-79.62232319804852,36.192764741776344",,,,,"ahrK,ahwT",,,,Point,"-79.62232319804852,36.192764741776344",pending
bhvQ,p,Pole 226,"-79.62717204416671,36.187612571667",,,,,ahrK,,,,Point,"-79.62717204416671,36.187612571667",pending
bhvR,p,Pole 227,"-79.62720110429902,36.18747678043952",,,,,ahrK,,,,Point,"-79.62720110429902,36.18747678043952",pending
bhvS,p,Pole 228,"-79.62723127617758,36.18734100195241",,,,,ahrK,,,,Point,"-79.62723127617758,36.18734100195241",pending
bhvT,p,Pole 229,"-79.62726314184917,36.18717188785646",,,,,ahrK,,,,Point,"-79.62726314184917,36.18717188785646",pending
bhvU,p,Pole 230,"-79.62729500737206,36.18700277374443",,,,,ahrK,,,,Point,"-79.62729500737206,36.18700277374443",pending
bhvV,p,Pole 231,"-79.62732687274627,36.18683365961633",,,,,ahrK,,,,Point,"-79.62732687274627,36.18683365961633",pending
bhvW,p,Pole 232,"-79.62734721054925,36.18668785193708",,,,,ahrK,,,,Point,"-79.62734721054925,36.18668785193708",pending
bhvX,p,Pole 233,"-79.62736867584046,36.186541155693504",,,,,ahrK,,,,Point,"-79.62736867584046,36.186541155693504",pending
bhvY,p,Pole 234,"-79.62738901347275,36.18639534799695",,,,,ahrK,,,,Point,"-79.62738901347275,36.18639534799695",pending
bhvZ,p,Pole 235,"-79.6274093667498,36.18624863898492",,,,,ahrK,,,,Point,"-79.6274093667498,36.18624863898492",pending
bhv0,p,Pole 236,"-79.62743081605012,36.18610284402159",,,,,ahrK,,,,Point,"-79.62743081605012,36.18610284402159",pending
bhv1,p,Pole 237,"-79.62745116915586,36.18595613499218",,,,,ahrK,,,,Point,"-79.62745116915586,36.18595613499218",pending
bhv2,p,Pole 238,"-79.62747152217682,36.185809425954176",,,,,ahrK,,,,Point,"-79.62747152217682,36.185809425954176",pending
bhv3,p,Pole 239,"-79.62749500614541,36.18567447214778",,,,,ahrK,,,,Point,"-79.62749500614541,36.18567447214778",pending
bhv4,p,Pole 240,"-79.62751850575323,36.18553861702502",,,,,ahrK,,,,Point,"-79.62751850575323,36.18553861702502",pending
bhv5,p,Pole 241,"-79.62754200527233,36.18540276189291",,,,,ahrK,,,,Point,"-79.62754200527233,36.18540276189291",pending
bhv6,p,Pole 242,"-79.6275655047027,36.18526690675144",,,,,ahrK,,,,Point,"-79.6275655047027,36.18526690675144",pending
bhv7,p,Pole 243,"-79.62758900404435,36.1851310516006",,,,,ahrK,,,,Point,"-79.62758900404435,36.1851310516006",pending
bhv8,p,Pole 244,"-79.62761250329729,36.184995196440404",,,,,ahrK,,,,Point,"-79.62761250329729,36.184995196440404",pending
bhv9,p,Pole 245,"-79.62765042466008,36.184861309609154",,,,,ahrK,,,,Point,"-79.62765042466008,36.184861309609154",pending
bhwx,p,Pole 246,"-79.62768945770402,36.18472743550772",,,,,ahrK,,,,Point,"-79.62768945770402,36.18472743550772",pending
bhwy,p,Pole 247,"-79.62774065768141,36.18459730683458",,,,,ahrK,,,,Point,"-79.62774065768141,36.18459730683458",pending
bhwz,p,Pole 248,"-79.62779187320656,36.184466276825844",,,,,ahrK,,,,Point,"-79.62779187320656,36.184466276825844",pending
bhwA,p,Pole 249,"-79.62785866964346,36.18433452392402",,,,,ahrK,,,,Point,"-79.62785866964346,36.18433452392402",pending
bhwB,p,Pole 250,"-79.62792546585055,36.184202770977286",,,,,ahrK,,,,Point,"-79.62792546585055,36.184202770977286",pending
bhwC,p,Pole 251,"-79.62799226182783,36.18407101798562",,,,,ahrK,,,,Point,"-79.62799226182783,36.18407101798562",pending
bhwD,p,Pole 252,"-79.6280590575753,36.18393926494904",,,,,ahrK,,,,Point,"-79.6280590575753,36.18393926494904",pending
bhwE,p,Pole 253,"-79.62811609836297,36.18379297625773",,,,,ahrK,,,,Point,"-79.62811609836297,36.18379297625773",pending
bhwF,p,Pole 254,"-79.62813876737428,36.18364088465693",,,,,ahrK,,,,Point,"-79.62813876737428,36.18364088465693",pending
bhwG,p,Pole 255,"-79.6281223189378,36.18350006404177",,,,,ahrK,,,,Point,"-79.6281223189378,36.18350006404177",pending
bhwH,p,Pole 256,"-79.62807375416195,36.183351663403286",,,,,ahrK,,,,Point,"-79.62807375416195,36.183351663403286",pending
bhwI,p,Pole 257,"-79.62802517384073,36.18320416405303",,,,,ahrK,,,,Point,"-79.62802517384073,36.18320416405303",pending
bhwJ,p,Pole 258,"-79.6282164383692,36.18314054765647",,,,,ahrK,,,,Point,"-79.6282164383692,36.18314054765647",pending
bhwK,p,Pole 259,"-79.62840770259655,36.18307693094689",,,,,ahrK,,,,Point,"-79.62840770259655,36.18307693094689",pending
bhwL,p,Pole 260,"-79.62860522873633,36.18303682435943",,,,,ahrK,,,,Point,"-79.62860522873633,36.18303682435943",pending
bhwM,p,Pole 261,"-79.62880165860237,36.18299580339674",,,,,ahrK,,,,Point,"-79.62880165860237,36.18299580339674",pending
bhwN,p,Pole 262,"-79.62908377486754,36.182951256118415",,,,,ahrK,,,,Point,"-79.62908377486754,36.182951256118415",pending
bhwO,p,Pole 263,"-79.62926538976113,36.18293079892674",,,,,ahrK,,,,Point,"-79.62926538976113,36.18293079892674",pending
bhwP,p,Pole 264,"-79.62962747609595,36.18289167359778",,,,,ahrK,,,,Point,"-79.62962747609595,36.18289167359778",pending
bhwQ,p,Pole 265,"-79.62982340274024,36.18287949280345",,,,,ahrK,,,,Point,"-79.62982340274024,36.18287949280345",pending
bhwR,p,Pole 266,"-79.63001932933426,36.182867311687026",,,,,ahrK,,,,Point,"-79.63001932933426,36.182867311687026",pending
bhwS,p,Pole 267,"-79.63021525587801,36.18285513024849",,,,,ahrK,,,,Point,"-79.63021525587801,36.18285513024849",pending
bhwT,p,Pole 268,"-79.63057131180415,36.182842977685134",,,,,ahrK,,,,Point,"-79.63057131180415,36.182842977685134",pending
bhwU,p,Pole 269,"-79.6307493240502,36.18283780231396",,,,,ahrK,,,,Point,"-79.6307493240502,36.18283780231396",pending
bhwV,p,Pole 270,"-79.63092735196813,36.18283172536876",,,,,ahrK,,,,Point,"-79.63092735196813,36.18283172536876",pending
bhwW,p,Pole 271,"-79.63117744246254,36.18283819164088",,,,,ahrK,,,,Point,"-79.63117744246254,36.18283819164088",pending
bhwX,p,Pole 272,"-79.63142754869607,36.18284375608232",,,,,ahrK,,,,Point,"-79.63142754869607,36.18284375608232",pending
bhwY,p,Pole 273,"-79.63160978859507,36.182851248604656",,,,,ahrK,,,,Point,"-79.63160978859507,36.182851248604656",pending
bhwZ,p,Pole 274,"-79.63179202853783,36.18285874085017",,,,,ahrK,,,,Point,"-79.63179202853783,36.18285874085017",pending
bhw0,p,Pole 275,"-79.63197426852435,36.18286623281894",,,,,ahrK,,,,Point,"-79.63197426852435,36.18286623281894",pending
bhw1,p,Pole 276,"-79.63230418900777,36.18288622995927",,,,,ahrK,,,,Point,"-79.63230418900777,36.18288622995927",pending
bhw2,p,Pole 277,"-79.63263249654491,36.18293505539263",,,,,ahrK,,,,Point,"-79.63263249654491,36.18293505539263",pending
bhw3,p,Pole 278,"-79.63286630193298,36.18298280056287",,,,,ahrK,,,,Point,"-79.63286630193298,36.18298280056287",pending
bhw4,p,Pole 279,"-79.63304248218496,36.18301906932225",,,,,ahrK,,,,Point,"-79.63304248218496,36.18301906932225",pending
bhw5,p,Pole 280,"-79.63321755081108,36.18305532512985",,,,,ahrK,,,,Point,"-79.63321755081108,36.18305532512985",pending
bhw6,p,Pole 281,"-79.63345375277747,36.183093180152134",,,,,ahrK,,,,Point,"-79.63345375277747,36.183093180152134",pending
bhw7,p,Pole 282,"-79.63397206985488,36.183150481550925",,,,,ahrK,,,,Point,"-79.63397206985488,36.183150481550925",pending
bhw8,p,Pole 283,"-79.63425658061753,36.18316003868954",,,,,ahrK,,,,Point,"-79.63425658061753,36.18316003868954",pending
bhw9,p,Pole 284,"-79.63439790417627,36.18315443925594",,,,,ahrK,,,,Point,"-79.63439790417627,36.18315443925594",pending
bhxy,p,Pole 285,"-79.6345840751281,36.183127715542085",,,,,ahrK,,,,Point,"-79.6345840751281,36.183127715542085",pending
bhxz,p,Pole 286,"-79.63467450621671,36.18310711138918",,,,,ahrK,,,,Point,"-79.63467450621671,36.18310711138918",pending
bhxA,p,Pole 287,"-79.63479569098786,36.18304448798064",,,,,ahrK,,,,Point,"-79.63479569098786,36.18304448798064",pending
bhxB,p,Pole 288,"-79.63492299762343,36.18294948067545",,,,,ahrK,,,,Point,"-79.63492299762343,36.18294948067545",pending
bhxC,p,Pole 289,"-79.6350448700967,36.18284719935131",,,,,ahrK,,,,Point,"-79.6350448700967,36.18284719935131",pending
bhxD,p,Pole 290,"-79.6351729892873,36.182705323625854",,,,,ahrK,,,,Point,"-79.6351729892873,36.182705323625854",pending
bhxE,p,Pole 291,"-79.63528072050725,36.182584851027386",,,,,ahrK,,,,Point,"-79.63528072050725,36.182584851027386",pending
bhxF,p,Pole 292,"-79.63538954754789,36.182465292308336",,,,,ahrK,,,,Point,"-79.63538954754789,36.182465292308336",pending
bhxG,p,Pole 293,"-79.6354972781017,36.182344819496095",,,,,ahrK,,,,Point,"-79.6354972781017,36.182344819496095",pending
bhxH,p,Pole 294,"-79.63561311910743,36.18220550776727",,,,,ahrK,,,,Point,"-79.63561311910743,36.18220550776727",pending
bhxI,p,Pole 295,"-79.63572894406718,36.182067097225044",,,,,ahrK,,,,Point,"-79.63572894406718,36.182067097225044",pending
bhxJ,p,Pole 296,"-79.63582981529488,36.181957363779084",,,,,ahrK,,,,Point,"-79.63582981529488,36.181957363779084",pending
bhA8,p,Pole 297,"-79.63505549806237,36.20536376246419","akM1,abkD,abkH,abkI",,,,"ahwT,aiJN",,,,Point,"-79.63505549806237,36.20536376246419",pending
bhDW,p,Pole 298,"-79.63453259939877,36.2049854834047",,,,,ahwT,,,,Point,"-79.63453259939877,36.2049854834047",pending
bhDX,p,Pole 299,"-79.63440187160694,36.20489113862259",,,,,ahwT,,,,Point,"-79.63440187160694,36.20489113862259",pending
bhDY,p,Pole 300,"-79.63427114412995,36.20479679370291",,,,,ahwT,,,,Point,"-79.63427114412995,36.20479679370291",pending
bhNX,p,Pole 301,"-79.633981950243,36.204604180851135",,,,,ahwT,,,,Point,"-79.633981950243,36.204604180851135",pending
bhNY,p,Pole 302,"-79.63382346825142,36.20450681416019",,,,,ahwT,,,,Point,"-79.63382346825142,36.20450681416019",pending
bhNZ,p,Pole 303,"-79.63366498665546,36.20440944726617",,,,,ahwT,,,,Point,"-79.63366498665546,36.20440944726617",pending
bhN0,p,Pole 304,"-79.63350650545512,36.20431208016908",,,,,ahwT,,,,Point,"-79.63350650545512,36.20431208016908",pending
bhN1,p,Pole 305,"-79.63336445534706,36.20422932428326",,,,,ahwT,,,,Point,"-79.63336445534706,36.20422932428326",pending
bhN2,p,Pole 306,"-79.63322129344635,36.20414655553209",,,,,ahwT,,,,Point,"-79.63322129344635,36.20414655553209",pending
bhN3,p,Pole 307,"-79.63307924394319,36.204063799318256",,,,,ahwT,,,,Point,"-79.63307924394319,36.204063799318256",pending
bhN4,p,Pole 308,"-79.63293608264983,36.20398103023646",,,,,ahwT,,,,Point,"-79.63293608264983,36.20398103023646",pending
bhN5,p,Pole 309,"-79.63279403375155,36.2038982736946",,,,,ahwT,,,,Point,"-79.63279403375155,36.2038982736946",pending
bhN6,p,Pole 310,"-79.63263693218506,36.203849601431756",,,,,ahwT,,,,Point,"-79.63263693218506,36.203849601431756",pending
bhN7,p,Pole 311,"-79.63254583488795,36.20384315155903",,,,,ahwT,,,,Point,"-79.63254583488795,36.20384315155903",pending
bhN8,p,Pole 312,"-79.63246441711264,36.20385574342731",,,,,ahwT,,,,Point,"-79.63246441711264,36.20385574342731",pending
bhN9,p,Pole 313,"-79.63198324796612,36.20363749313698",,,,,ahwT,,,,Point,"-79.63198324796612,36.20363749313698",pending
bhOP,p,Pole 314,"-79.63185805456601,36.203545011846614",,,,,ahwT,,,,Point,"-79.63185805456601,36.203545011846614",pending
bhOQ,p,Pole 315,"-79.631732845772,36.203453431736115",,,,,ahwT,,,,Point,"-79.631732845772,36.203453431736115",pending
bhOR,p,Pole 316,"-79.63160654087865,36.2033609374768",,,,,ahwT,,,,Point,"-79.63160654087865,36.2033609374768",pending
bhOS,p,Pole 317,"-79.63144949031873,36.20324555433727",,,,,ahwT,,,,Point,"-79.63144949031873,36.20324555433727",pending
bhOT,p,Pole 318,"-79.63131120432254,36.203138498983556",,,,,ahwT,,,,Point,"-79.63131120432254,36.203138498983556",pending
bhOU,p,Pole 319,"-79.63117182232125,36.20303052944973",,,,,ahwT,,,,Point,"-79.63117182232125,36.20303052944973",pending
bhOV,p,Pole 320,"-79.63104230811685,36.20293078600887",,,,,ahwT,,,,Point,"-79.63104230811685,36.20293078600887",pending
bhOW,p,Pole 321,"-79.63091280993994,36.20283014112752",,,,,ahwT,,,,Point,"-79.63091280993994,36.20283014112752",pending
bhOX,p,Pole 322,"-79.63078218432206,36.202730384692956",,,,,ahwT,,,,Point,"-79.63078218432206,36.202730384692956",pending
bhOY,p,Pole 323,"-79.63065267110812,36.202630640846664",,,,,ahwT,,,,Point,"-79.63065267110812,36.202630640846664",pending
bhOZ,p,Pole 324,"-79.630523173926,36.20252999555997",,,,,ahwT,,,,Point,"-79.630523173926,36.20252999555997",pending
bhO0,p,Pole 325,"-79.63039254930298,36.202430238716424",,,,,ahwT,,,,Point,"-79.63039254930298,36.202430238716424",pending
bhO1,p,Pole 326,"-79.63027079014067,36.20233238617806",,,,,ahwT,,,,Point,"-79.63027079014067,36.20233238617806",pending
bhO2,p,Pole 327,"-79.63014791921563,36.20223452079077",,,,,ahwT,,,,Point,"-79.63014791921563,36.20223452079077",pending
bhO3,p,Pole 328,"-79.63002616066129,36.20213666801336",,,,,ahwT,,,,Point,"-79.63002616066129,36.20213666801336",pending
bhO4,p,Pole 329,"-79.62982372790391,36.201945038447505",,,,,ahwT,,,,Point,"-79.62982372790391,36.201945038447505",pending
bhO5,p,Pole 330,"-79.62972562198307,36.20183032796231",,,,,ahwT,,,,Point,"-79.62972562198307,36.20183032796231",pending
bhO6,p,Pole 331,"-79.62962753205818,36.20171471609528",,,,,ahwT,,,,Point,"-79.62962753205818,36.20171471609528",pending
bhO7,p,Pole 332,"-79.62949649290107,36.20151128272339",,,,,ahwT,,,,Point,"-79.62949649290107,36.20151128272339",pending
bhO8,p,Pole 333,"-79.62940353134671,36.201292960074824",,,,,ahwT,,,,Point,"-79.62940353134671,36.201292960074824",pending
bhO9,p,Pole 334,"-79.62937201215465,36.20112311982199",,,,,ahwT,,,,Point,"-79.62937201215465,36.20112311982199",pending
bhPQ,p,Pole 335,"-79.62937941845301,36.200889719928",,,,,ahwT,,,,Point,"-79.62937941845301,36.200889719928",pending
bhPR,p,Pole 336,"-79.62938766589055,36.200735660378534",,,,,ahwT,,,,Point,"-79.62938766589055,36.200735660378534",pending
bhPS,p,Pole 337,"-79.62939592900031,36.20058069951844",,,,,ahwT,,,,Point,"-79.62939592900031,36.20058069951844",pending
bhPT,p,Pole 338,"-79.62940417635329,36.2004266399587",,,,,ahwT,,,,Point,"-79.62940417635329,36.2004266399587",pending
bhPU,p,Pole 339,"-79.62941355141605,36.2002716918245",,,,,ahwT,,,,Point,"-79.62941355141605,36.2002716918245",pending
bhPV,p,Pole 340,"-79.62942179868233,36.20011763225435",,,,,ahwT,,,,Point,"-79.62942179868233,36.20011763225435",pending
bhPW,p,Pole 341,"-79.62943006162008,36.199962671373484",,,,,ahwT,,,,Point,"-79.62943006162008,36.199962671373484",pending
bhPX,p,Pole 342,"-79.62944025002238,36.199824860765986",,,,,ahwT,,,,Point,"-79.62944025002238,36.199824860765986",pending
bhPY,p,Pole 343,"-79.62945045409435,36.1996861488481",,,,,ahwT,,,,Point,"-79.62945045409435,36.1996861488481",pending
bhPZ,p,Pole 344,"-79.62946973436773,36.19940961356833",,,,,ahwT,,,,Point,"-79.62946973436773,36.19940961356833",pending
bhP0,p,Pole 345,"-79.62947992259723,36.199271802942015",,,,,ahwT,,,,Point,"-79.62947992259723,36.199271802942015",pending
bhP1,p,Pole 346,"-79.6294901264956,36.19913309100524",,,,,ahwT,,,,Point,"-79.6294901264956,36.19913309100524",pending
bhP2,p,Pole 347,"-79.62950031463771,36.19899528036945",,,,,ahwT,,,,Point,"-79.62950031463771,36.19899528036945",pending
bhP3,p,Pole 348,"-79.6295603777001,36.19816569980362",,,,,ahwT,,,,Point,"-79.6295603777001,36.19816569980362",pending
bhP4,p,Pole 349,"-79.62956946924314,36.19802697509484",,,,,ahwT,,,,Point,"-79.62956946924314,36.19802697509484",pending
bhP5,p,Pole 350,"-79.62957967275038,36.197888263115466",,,,,ahwT,,,,Point,"-79.62957967275038,36.197888263115466",pending
bhP6,p,Pole 351,"-79.62960006392257,36.19761174044846",,,,,ahwT,,,,Point,"-79.62960006392257,36.19761174044846",pending
bhP7,p,Pole 352,"-79.6296102515879,36.19747392976084",,,,,ahwT,,,,Point,"-79.6296102515879,36.19747392976084",pending
bhP8,p,Pole 353,"-79.62961711893023,36.19733517956224",,,,,ahwT,,,,Point,"-79.62961711893023,36.19733517956224",pending
bhP9,p,Pole 354,"-79.62962400195015,36.19719552805346",,,,,ahwT,,,,Point,"-79.62962400195015,36.19719552805346",pending
bhQR,p,Pole 355,"-79.62963086922785,36.19705677784673",,,,,ahwT,,,,Point,"-79.62963086922785,36.19705677784673",pending
bhQS,p,Pole 356,"-79.6296377364733,36.196918027635945",,,,,ahwT,,,,Point,"-79.6296377364733,36.196918027635945",pending
bhQT,p,Pole 357,"-79.62964460368654,36.196779277421115",,,,,ahwT,,,,Point,"-79.62964460368654,36.196779277421115",pending
bixL,p,Pole 358,"-79.62949378522727,36.19669010621058",,,,,ahwT,,,,Point,"-79.62949378522727,36.19669010621058",pending
bixM,p,Pole 359,"-79.62933497169304,36.19674057357661",,,,,ahwT,,,,Point,"-79.62933497169304,36.19674057357661",pending
