id,utilityId,typeId,name,vendorName,productName,productVersion,KV,KW,KWH,location,wkt,parentIds,childIds,connectedIds
aiJN,x,st,Transmission Substation 1,,,,69,300000,,"-79.63505549806237,36.20536376246419",POINT (-79.63505549806237 36.20536376246419),,bhA8 akM1 abkD abkH abkI,
abcd,x,sd,Distribution Substation 1,,,,12.47,,,"-79.60684769101411,36.19285069559501",POINT (-79.60684769101411 36.19285069559501),,bht4,
abkD,x,cm,Microcontroller 1,selinc,sel-352,,,,,,POINT (-79.63505549806237 36.20536376246419),bhA8 aiJN,,abkH abkI
abkH,x,xr,Relay 1,selinc,sel-351,,,,,,POINT (-79.63505549806237 36.20536376246419),bhA8 aiJN,,akM1 abkD ahwT
abkI,x,X,Gateway 1,selinc,,,,,,,POINT (-79.63505549806237 36.20536376246419),bhA8 aiJN,,abkD
akM1,x,tp,High Voltage Transformer 1,,,,,,,,POINT (-79.63505549806237 36.20536376246419),bhA8 aiJN,,abkH
bnrL,x,td,Medium Voltage Transformer 1,,,,,,,,POINT (-79.60684769101411 36.19285069559501),abcd,,ahwT ahrK
aiM9,x,td,Low Voltage Transformer 1,,,,,,,,POINT (-79.62706145629696 36.18795927714645),aGH3,,ahrK abWX abWY abWZ ackE ackG
aiQU,x,td,Low Voltage Transformer 2,,,,,,,,POINT (-79.62575054476181 36.19182783649054),aF78,,ahrK abU6 abU9
aiQV,x,td,Low Voltage Transformer 3,,,,,,,,POINT (-79.62706145629696 36.18795927714645),aGH3,,ahrK abWX abWY abWZ ackE ackG
ajqN,x,td,Low Voltage Transformer 4,,,,,,,,POINT (-79.62944698886541 36.18291124276553),aRS6,,ahrK adns
ajq9,x,td,Low Voltage Transformer 5,,,,,,,,POINT (-79.63592955882964 36.18184851888081),aUZ8,,ahrK adtJ
ajrw,x,td,Low Voltage Transformer 6,,,,,,,,POINT (-79.63368884318828 36.18313102202153),aR01,,ahrK adox
ajrx,x,td,Low Voltage Transformer 7,,,,,,,,POINT (-79.63039328385051 36.18284905409953),aRX2,,ahrK adn2
ajM3,x,td,Low Voltage Transformer 8,,,,,,,,POINT (-79.62446267889139 36.19329057716696),bdH8,,ahrK afgy
ajM5,x,td,Low Voltage Transformer 9,,,,,,,,POINT (-79.62245403332614 36.19285098745891),bdr5,,ahrK aeIM
ajNO,x,td,Low Voltage Transformer 10,,,,,,,,POINT (-79.6172364695739 36.19319288052449),bdyG,,ahrK aeO9 aePR
ajNR,x,td,Low Voltage Transformer 11,,,,,,,,POINT (-79.61482351021539 36.19260064750622),bdr0,,ahrK aeIL aePV aePY aeQ5
ajOX,x,td,Low Voltage Transformer 12,,,,,,,,POINT (-79.61464599587815 36.19200812017905),bdrX,,ahrK aeIL aeI2 aeKV
ajOY,x,td,Low Voltage Transformer 13,,,,,,,,POINT (-79.6129628418195 36.19108984470666),bdsQ,,ahrK aeI3 aeJT aeJV aeJ1
ajO0,x,td,Low Voltage Transformer 14,,,,,,,,POINT (-79.61464599587815 36.19200812017905),bdrX,,ahrK aeIL aeI2 aeKV
ajO5,x,td,Low Voltage Transformer 15,,,,,,,,POINT (-79.61946198628372 36.19109737783221),bdGT,,ahrK ae45 afgj afgp
ajS7,x,td,Low Voltage Transformer 16,,,,,,,,POINT (-79.61310472863249 36.19042258714075),bdu1,,ahrK aeLR
ajT4,x,td,Low Voltage Transformer 17,,,,,,,,POINT (-79.61451693020452 36.1911907821637),bduE,,ahrK aeKY
anzQ,x,m,Meter 1,,,,0.42,0.76,4147,"-79.62399908012085,36.1931536309396",POINT (-79.62399908012085 36.1931536309396),bdH9,,afgy
anzR,x,m,Meter 2,,,,0.42,0.76,4147,"-79.62609524594545,36.19208601319689",POINT (-79.62609524594545 36.19208601319689),aGHK,,abU9
anzS,x,m,Meter 3,,,,0.42,2.74,15002,"-79.62218052147975,36.19322736443852",POINT (-79.62218052147975 36.19322736443852),bdr6,,aeIM
anz2,x,m,Meter 4,,,,0.42,0.76,4147,"-79.61302907551273,36.19137007261879",POINT (-79.61302907551273 36.19137007261879),bdtF,,aeJ1
anz5,x,m,Meter 5,,,,0.42,2.74,15002,"-79.61280797936968,36.1914838017088",POINT (-79.61280797936968 36.1914838017088),bdsR,,aeI3
anz8,x,m,Meter 6,,,,0.42,38.25,209430,"-79.61507219238997,36.191994121640846",POINT (-79.61507219238997 36.19199412164085),bdsP,,aeI2
anAJ,x,m,Meter 7,,,,0.42,0.76,4147,"-79.61422026069185,36.19275322678215",POINT (-79.61422026069185 36.19275322678215),bdzN,,aeQ5
anAO,x,m,Meter 8,,,,0.42,38.25,209430,"-79.6138310742208,36.19199237394341",POINT (-79.6138310742208 36.19199237394341),bduB,,aeKV
anAW,x,m,Meter 9,,,,0.42,1.66,9087,"-79.61366071639112,36.191435987472886",POINT (-79.61366071639112 36.19143598747289),bdtx,,aeJV
anA9,x,m,Meter 10,,,,0.42,1.66,9087,"-79.61282465831006,36.19047523339764",POINT (-79.61282465831006 36.19047523339764),bdu2,,aeLR
anBC,x,m,Meter 11,,,,0.42,0.76,4147,"-79.6185929651453,36.190996300425056",POINT (-79.6185929651453 36.19099630042506),bdGU,,ae45
anBI,x,m,Meter 12,,,,0.42,0.76,4147,"-79.61526412415466,36.19088390982859",POINT (-79.61526412415466 36.19088390982859),bduF,,aeKY
aorE,x,m,Meter 13,,,,0.42,2.74,15002,"-79.62745035755789,36.188169276698055",POINT (-79.62745035755789 36.18816927669805),aGH4,,abWX
aorH,x,m,Meter 14,,,,0.42,1.66,9087,"-79.62655755886853,36.19204173778374",POINT (-79.62655755886853 36.19204173778374),aF79,,abU6
aor5,x,m,Meter 15,,,,0.42,38.25,209430,"-79.62730987363217,36.1879350819074",POINT (-79.62730987363217 36.1879350819074),aGH5,,abWY
aosF,x,m,Meter 16,,,,0.42,1.66,9087,"-79.62669659778422,36.18790100202967",POINT (-79.62669659778422 36.18790100202967),aHWX,,ackE
aoB0,x,m,Meter 17,,,,0.42,1.66,9087,"-79.62943266770361,36.18245672881442",POINT (-79.62943266770361 36.18245672881442),aRS7,,adns
aoCV,x,m,Meter 18,,,,0.42,1.66,9087,"-79.63544274841463,36.18157793235379",POINT (-79.63544274841463 36.18157793235379),aUZ9,,adtJ
aoC1,x,m,Meter 19,,,,0.42,1.66,9087,"-79.63357564515626,36.18375806720667",POINT (-79.63357564515626 36.18375806720667),aR02,,adox
aoC3,x,m,Meter 20,,,,0.42,1.66,9087,"-79.63040081248835,36.18209729911571",POINT (-79.63040081248835 36.18209729911571),aRX3,,adn2
ahwT,x,l,Line 1,,,,69,,,,,,bhA8 bcoI bcnY bcnL bhDW bhDX bhDY bcqE bhNX bhNY bhNZ bhN0 bhN1 bhN2 bhN3 bhN4 bhN5 bhN6 bhN7 bhN8 bdy1 bhN9 bhOP bhOQ bhOR bhOS bhOT bhOU bhOV bhOW bhOX bhOY bhOZ bhO0 bhO1 bhO2 bhO3 bhO4 bhO5 bhO6 bhO7 bhO8 bhO9 bhPQ bhPR bhPS bhPT bhPU bhPV bhPW bhPX bhPY bcv0 bhPZ bhP0 bhP1 bhP2 bcxI bcxC bcw1 bcw2 bcw3 bhP3 bhP4 bhP5 bcv2 bhP6 bhP7 bhP8 bhP9 bhQR bhQS bhQT bixL bixM bchX bgBD bgBC bgA9 bgA8 bgA7 bgA6 bgA5 bgA4 bdsS bgyJ bgyI bgyH bdsA bdsU bdsV bdr7 bds1 bds2 bdsH bdsY bgzC bgzB bgzA bgy9 bgy8 bgy7 bgy6 bgy5 bdsE bgA3 bgA2 bgA1 bgA0 bdyS bgz6 bgz7 bgz8 bgz9 bgAQ bgAP bgAO bgAN bgAM bgAL bgAK bgAJ bgAI bgAH bgAG bgAF bdr5 bhvP bhvO bhvN bhvM bhvL bhvK bhvJ bhvI bhvH bhvG bhvF bhvE bhvD bhvC bhvB bhvA bhvz bhvy bhvx bhvw bhu9 bdGT bdHS bhu8 bhu7 bhu6 bhu5 bhu4 bhu3 bhu2 bhu1 bhu0 bhuZ bhuY bhuX bhuW bhuV bhuU bhuT bhuS bhuR bhuQ bhuP bhuO bgBE bgBF bdyI bdyG bdyH bhuN bhuM bhuL bhuK bhuJ bhuI bhuH bhuG bhuF bdr4 bdr3 bdr2 bdr1 bdr0 bdrZ bdrY bdrX bgz5 bgz4 bdtv bgz3 bgz2 bduE bhuE bhuD bhuC bhuB bhuA bhuz bhuy bhux bduG bduW bhuw bhuv bdu1 bht9 bht8 bht7 bht6 bht5 bdsQ bht4,abkH bnrL
ahrK,x,l,Line 2,,,,12.47,,,,,,bht4 bdsQ bht5 bht6 bht7 bht8 bht9 bdu1 bhuv bhuw bduW bduG bhux bhuy bhuz bhuA bhuB bhuC bhuD bhuE bduE bgz2 bgz3 bdtv bgz4 bgz5 bdrX bdrY bdrZ bdr0 bdr1 bdr2 bdr3 bdr4 bhuF bhuG bhuH bhuI bhuJ bhuK bhuL bhuM bhuN bdyH bdyG bdyI bgBF bgBE bhuO bhuP bhuQ bhuR bhuS bhuT bhuU bhuV bhuW bhuX bhuY bhuZ bhu0 bhu1 bhu2 bhu3 bhu4 bhu5 bhu6 bhu7 bhu8 bdHS bdGT bhu9 bhvw bhvx bhvy bhvz bhvA bhvB bhvC bhvD bhvE bhvF bhvG bhvH bhvI bhvJ bhvK bhvL bhvM bhvN bhvO bhvP bdr5 bgAF bgAG bgAH bgAI bgAJ bgAK bgAL bgAM bgAN bgAO bgAP bgAQ bgAB bgAC bgAD bgAE bdH8 bgzT bgzU bgzV bgzW bgzX bgzY bgzZ bgz0 bgz1 aF78 bgAS bgAT bgAU bgAV bgAW bgAX bgAY bgAZ bgyP bgyQ bgyR bgyS bgyT bgyU bgyV bgyW bgyX bgyY bgyZ bgy0 bgy1 bgy2 bgy3 bgy4 aGHY aGH6 aGH3 aHV2 bhvQ bhvR bhvS bhvT bhvU bhvV bhvW bhvX bhvY bhvZ bhv0 bhv1 bhv2 bhv3 bhv4 bhv5 bhv6 bhv7 bhv8 bhv9 bhwx bhwy bhwz bhwA bhwB bhwC bhwD bhwE bhwF bhwG bhwH bhwI bhwJ bhwK bhwL bhwM bhwN bhwO aRS6 bhwP bhwQ bhwR bhwS aRX2 bhwT bhwU bhwV bhwW bhwX bhwY bhwZ bhw0 bhw1 bhw2 bhw3 bhw4 bhw5 bhw6 aR01 bhw7 bhw8 bhw9 bhxy bhxz bhxA bhxB bhxC bhxD bhxE bhxF bhxG bhxH bhxI bhxJ aUZ8,bnrL aiM9 aiQU aiQV ajqN ajq9 ajrw ajrx ajM3 ajM5 ajNO ajNR ajOX ajOY ajO0 ajO5 ajS7 ajT4
abU6,x,l,Line 3,,,,0.42,,,,,,aF78 aF79,aiQU aorH
abU9,x,l,Line 4,,,,0.42,,,,,,aF78 aGHK,aiQU anzR
abWX,x,l,Line 5,,,,0.42,,,,,,aGH3 aGH4,aiM9 aiQV aorE
abWY,x,l,Line 6,,,,0.42,,,,,,aGH3 aGH5,aiM9 aiQV aor5
abWZ,x,l,Line 7,,,,0.42,,,,,,aGH3 aGH6 aGHY,aiM9 aiQV
ackE,x,l,Line 8,,,,0.42,,,,,,aGH3 aHWX,aiM9 aiQV aosF
ackG,x,l,Line 9,,,,0.42,,,,,,aGH3 aHV2,aiM9 aiQV
adns,x,l,Line 10,,,,0.42,,,,,,aRS6 aRS7,ajqN aoB0
adn2,x,l,Line 11,,,,0.42,,,,,,aRX2 aRX3,ajrx aoC3
adox,x,l,Line 12,,,,0.42,,,,,,aR01 aR02,ajrw aoC1
adtJ,x,l,Line 13,,,,0.42,,,,,,aUZ8 aUZ9,ajq9 aoCV
aeIL,x,l,Line 14,,,,0.42,,,,,,bdrW bdrX bdrY bdrZ bdr0 bdr1 bdr2 bdr3 bdr4,ajNR ajOX ajO0
aeIM,x,l,Line 15,,,,0.42,,,,,,bdr5 bdr6,ajM5 anzS
aeI2,x,l,Line 16,,,,0.42,,,,,,bdrX bdsP,ajOX ajO0 anz8
aeI3,x,l,Line 17,,,,0.42,,,,,,bdsQ bdsR,ajOY anz5
aeJT,x,l,Line 18,,,,0.42,,,,,,bdsQ bdtv,ajOY
aeJV,x,l,Line 19,,,,0.42,,,,,,bdsQ bdtx,ajOY anAW
aeJ1,x,l,Line 20,,,,0.42,,,,,,bdsQ bdtF,ajOY anz2
aeKV,x,l,Line 21,,,,0.42,,,,,,bdrX bduB,ajOX ajO0 anAO
aeKY,x,l,Line 22,,,,0.42,,,,,,bduE bduF,ajT4 anBI
aeLR,x,l,Line 23,,,,0.42,,,,,,bdu1 bdu2,ajS7 anA9
aeO9,x,l,Line 24,,,,0.42,,,,,,bdyG bdyH,ajNO
aePR,x,l,Line 25,,,,0.42,,,,,,bdyG bdyI,ajNO
aePV,x,l,Line 26,,,,0.42,,,,,,bdr0 bdrZ,ajNR
aePY,x,l,Line 27,,,,0.42,,,,,,bdr0 bdr1,ajNR
aeQ5,x,l,Line 28,,,,0.42,,,,,,bdr0 bdzN,ajNR anAJ
ae45,x,l,Line 29,,,,0.42,,,,,,bdGT bdGU,ajO5 anBC
afgj,x,l,Line 30,,,,0.42,,,,,,bdGT bdGZ,ajO5
afgp,x,l,Line 31,,,,0.42,,,,,,bdGT bdHS,ajO5
afgy,x,l,Line 32,,,,0.42,,,,,,bdH8 bdH9,ajM3 anzQ
aF78,x,p,Pole 1,,,,,,,"-79.62575054476181,36.19182783649054",POINT (-79.62575054476181 36.19182783649054),abU6 abU9 ahrK,aiQU,
aF79,x,p,Pole 2,,,,,,,"-79.62655755886853,36.19204173778374",POINT (-79.62655755886853 36.19204173778374),abU6,aorH,
aGHK,x,p,Pole 3,,,,,,,"-79.62609524594545,36.19208601319689",POINT (-79.62609524594545 36.19208601319689),abU9,anzR,
aGHY,x,p,Pole 4,,,,,,,"-79.62690768304252,36.18823156513066",POINT (-79.62690768304252 36.18823156513066),abWZ ahrK,,
aGH3,x,p,Pole 5,,,,,,,"-79.62706145629696,36.187959277146454",POINT (-79.62706145629696 36.18795927714645),abWX abWY abWZ ackE ackG ahrK,aiM9 aiQV,
aGH4,x,p,Pole 6,,,,,,,"-79.62745035755789,36.188169276698055",POINT (-79.62745035755789 36.18816927669805),abWX,aorE,
aGH5,x,p,Pole 7,,,,,,,"-79.62730987363217,36.1879350819074",POINT (-79.62730987363217 36.1879350819074),abWY,aor5,
aGH6,x,p,Pole 8,,,,,,,"-79.62698456980591,36.18809542116763",POINT (-79.62698456980591 36.18809542116763),abWZ ahrK,,
aHV2,x,p,Pole 9,,,,,,,"-79.62714185633395,36.18774925143533",POINT (-79.62714185633395 36.18774925143533),ackG ahrK,,
aHWX,x,p,Pole 10,,,,,,,"-79.62669659778422,36.18790100202967",POINT (-79.62669659778422 36.18790100202967),ackE,aosF,
aRS6,x,p,Pole 11,,,,,,,"-79.62944698886541,36.182911242765535",POINT (-79.62944698886541 36.18291124276553),adns ahrK,ajqN,
aRS7,x,p,Pole 12,,,,,,,"-79.62943266770361,36.18245672881442",POINT (-79.62943266770361 36.18245672881442),adns,aoB0,
aRX2,x,p,Pole 13,,,,,,,"-79.63039328385051,36.182849054099535",POINT (-79.63039328385051 36.18284905409953),adn2 ahrK,ajrx,
aRX3,x,p,Pole 14,,,,,,,"-79.63040081248835,36.18209729911571",POINT (-79.63040081248835 36.18209729911571),adn2,aoC3,
aR01,x,p,Pole 15,,,,,,,"-79.63368884318828,36.18313102202153",POINT (-79.63368884318828 36.18313102202153),adox ahrK,ajrw,
aR02,x,p,Pole 16,,,,,,,"-79.63357564515626,36.18375806720667",POINT (-79.63357564515626 36.18375806720667),adox,aoC1,
aUZ8,x,p,Pole 17,,,,,,,"-79.63592955882964,36.181848518880805",POINT (-79.63592955882964 36.18184851888081),adtJ ahrK,ajq9,
aUZ9,x,p,Pole 18,,,,,,,"-79.63544274841463,36.18157793235379",POINT (-79.63544274841463 36.18157793235379),adtJ,aoCV,
bchX,x,p,Pole 19,,,,,,,"-79.62917728566403,36.196790152158435",POINT (-79.62917728566403 36.19679015215844),ahwT,,
bcnL,x,p,Pole 20,,,,,,,"-79.63466332750545,36.20507982804921",POINT (-79.63466332750545 36.20507982804921),ahwT,,
bcnY,x,p,Pole 21,,,,,,,"-79.63479405592699,36.205174172556156",POINT (-79.63479405592699 36.20517417255616),ahwT,,
bcoI,x,p,Pole 22,,,,,,,"-79.63492478466338,36.20526851692551",POINT (-79.63492478466338 36.20526851692551),ahwT,,
bcqE,x,p,Pole 23,,,,,,,"-79.63414154473297,36.2047015600326",POINT (-79.63414154473297 36.2047015600326),ahwT,,
bcv0,x,p,Pole 24,,,,,,,"-79.6294595303816,36.1995483254956",POINT (-79.6294595303816 36.1995483254956),ahwT,,
bcv2,x,p,Pole 25,,,,,,,"-79.62958986050309,36.19775045243734",POINT (-79.62958986050309 36.19775045243734),ahwT,,
bcw1,x,p,Pole 26,,,,,,,"-79.62952979821186,36.19858003308748",POINT (-79.62952979821186 36.19858003308748),ahwT,,
bcw2,x,p,Pole 27,,,,,,,"-79.62953998618116,36.198442222432895",POINT (-79.62953998618116 36.1984422224329),ahwT,,
bcw3,x,p,Pole 28,,,,,,,"-79.62955018981818,36.19830351046768",POINT (-79.62955018981818 36.19830351046768),ahwT,,
bcxC,x,p,Pole 29,,,,,,,"-79.62951959448706,36.19871874504316",POINT (-79.62951959448706 36.19871874504316),ahwT,,
bcxI,x,p,Pole 30,,,,,,,"-79.62951051844831,36.19885656842314",POINT (-79.62951051844831 36.19885656842314),ahwT,,
bdrW,x,p,Pole 31,,,,,,,"-79.61592070470319,36.191881185272834",POINT (-79.61592070470319 36.19188118527283),aeIL,,
bdrX,x,p,Pole 32,,,,,,,"-79.61464599587815,36.19200812017905",POINT (-79.61464599587815 36.19200812017905),aeIL aeI2 aeKV ahrK ahwT,ajOX ajO0,
bdrY,x,p,Pole 33,,,,,,,"-79.61465910152715,36.192148002054026",POINT (-79.61465910152715 36.19214800205403),aeIL ahrK ahwT,,
bdrZ,x,p,Pole 34,,,,,,,"-79.61474481678714,36.19245910503239",POINT (-79.61474481678714 36.19245910503239),aeIL aePV ahrK ahwT,,
bdr0,x,p,Pole 35,,,,,,,"-79.61482351021539,36.19260064750622",POINT (-79.61482351021539 36.19260064750622),aeIL aePV aePY aeQ5 ahrK ahwT,ajNR,
bdr1,x,p,Pole 36,,,,,,,"-79.61489429283984,36.19268620630802",POINT (-79.61489429283984 36.19268620630802),aeIL aePY ahrK ahwT,,
bdr2,x,p,Pole 37,,,,,,,"-79.61514430351042,36.192888327700906",POINT (-79.61514430351042 36.19288832770091),aeIL ahrK ahwT,,
bdr3,x,p,Pole 38,,,,,,,"-79.61525224065646,36.19294817315381",POINT (-79.61525224065646 36.19294817315381),aeIL ahrK ahwT,,
bdr4,x,p,Pole 39,,,,,,,"-79.61536028906482,36.19300170940315",POINT (-79.61536028906482 36.19300170940315),aeIL ahrK ahwT,,
bdr5,x,p,Pole 40,,,,,,,"-79.62245403332614,36.19285098745891",POINT (-79.62245403332614 36.19285098745891),aeIM ahrK ahwT,ajM5,
bdr6,x,p,Pole 41,,,,,,,"-79.62218052147975,36.19322736443852",POINT (-79.62218052147975 36.19322736443852),aeIM,anzS,
bdr7,x,p,Pole 42,,,,,,,"-79.62709013942712,36.195935056686864",POINT (-79.62709013942712 36.19593505668686),ahwT,,
bdsA,x,p,Pole 43,,,,,,,"-79.62748584068096,36.196203730846634",POINT (-79.62748584068096 36.19620373084663),ahwT,,
bdsE,x,p,Pole 44,,,,,,,"-79.6253698951013,36.19477132441942",POINT (-79.6253698951013 36.19477132441942),ahwT,,
bdsH,x,p,Pole 45,,,,,,,"-79.62669445663347,36.1956654799597",POINT (-79.62669445663347 36.1956654799597),ahwT,,
bdsP,x,p,Pole 46,,,,,,,"-79.61507219238997,36.191994121640846",POINT (-79.61507219238997 36.19199412164085),aeI2,anz8,
bdsQ,x,p,Pole 47,,,,,,,"-79.6129628418195,36.19108984470666",POINT (-79.6129628418195 36.19108984470666),aeI3 aeJT aeJV aeJ1 ahrK ahwT,ajOY,
bdsR,x,p,Pole 48,,,,,,,"-79.61280797936968,36.1914838017088",POINT (-79.61280797936968 36.1914838017088),aeI3,anz5,
bdsS,x,p,Pole 49,,,,,,,"-79.62800318182555,36.196576567687394",POINT (-79.62800318182555 36.19657656768739),ahwT,,
bdsU,x,p,Pole 50,,,,,,,"-79.62735394520614,36.196113872498486",POINT (-79.62735394520614 36.19611387249849),ahwT,,
bdsV,x,p,Pole 51,,,,,,,"-79.62722205003426,36.19602401401011",POINT (-79.62722205003426 36.19602401401011),ahwT,,
bdsY,x,p,Pole 52,,,,,,,"-79.62656256297478,36.19557562077022",POINT (-79.62656256297478 36.19557562077022),ahwT,,
bds1,x,p,Pole 53,,,,,,,"-79.62695824485965,36.19584519791802",POINT (-79.62695824485965 36.19584519791802),ahwT,,
bds2,x,p,Pole 54,,,,,,,"-79.6268263505951,36.19575533900896",POINT (-79.6268263505951 36.19575533900896),ahwT,,
bdtv,x,p,Pole 55,,,,,,,"-79.61460448710302,36.19158664618776",POINT (-79.61460448710302 36.19158664618776),aeJT ahrK ahwT,,
bdtx,x,p,Pole 56,,,,,,,"-79.61366071639112,36.191435987472886",POINT (-79.61366071639112 36.19143598747289),aeJV,anAW,
bdtF,x,p,Pole 57,,,,,,,"-79.61302907551273,36.19137007261879",POINT (-79.61302907551273 36.19137007261879),aeJ1,anz2,
bduB,x,p,Pole 58,,,,,,,"-79.6138310742208,36.19199237394341",POINT (-79.6138310742208 36.19199237394341),aeKV,anAO,
bduE,x,p,Pole 59,,,,,,,"-79.61451693020452,36.1911907821637",POINT (-79.61451693020452 36.1911907821637),aeKY ahrK ahwT,ajT4,
bduF,x,p,Pole 60,,,,,,,"-79.61526412415466,36.19088390982859",POINT (-79.61526412415466 36.19088390982859),aeKY,anBI,
bduG,x,p,Pole 61,,,,,,,"-79.61334764821876,36.19008013308367",POINT (-79.61334764821876 36.19008013308367),ahrK ahwT,,
bduW,x,p,Pole 62,,,,,,,"-79.61326532223016,36.189955675763116",POINT (-79.61326532223016 36.18995567576312),ahrK ahwT,,
bdu1,x,p,Pole 63,,,,,,,"-79.61310472863249,36.19042258714075",POINT (-79.61310472863249 36.19042258714075),aeLR ahrK ahwT,ajS7,
bdu2,x,p,Pole 64,,,,,,,"-79.61282465831006,36.19047523339764",POINT (-79.61282465831006 36.19047523339764),aeLR,anA9,
bdyG,x,p,Pole 65,,,,,,,"-79.6172364695739,36.19319288052449",POINT (-79.6172364695739 36.19319288052449),aeO9 aePR ahrK ahwT,ajNO,
bdyH,x,p,Pole 66,,,,,,,"-79.61706872634849,36.1931819274634",POINT (-79.61706872634849 36.1931819274634),aeO9 ahrK ahwT,,
bdyI,x,p,Pole 67,,,,,,,"-79.61740422870136,36.19320293204936",POINT (-79.61740422870136 36.19320293204936),aePR ahrK ahwT,,
bdyS,x,p,Pole 68,,,,,,,"-79.6246991993472,36.19432910268481",POINT (-79.62469919934721 36.19432910268481),ahwT,,
bdy1,x,p,Pole 69,,,,,,,"-79.63210955374967,36.20372998701347",POINT (-79.63210955374967 36.20372998701347),ahwT,,
bdzN,x,p,Pole 70,,,,,,,"-79.61422026069185,36.19275322678215",POINT (-79.61422026069185 36.19275322678215),aeQ5,anAJ,
bdGT,x,p,Pole 71,,,,,,,"-79.61946198628372,36.191097377832214",POINT (-79.61946198628372 36.19109737783221),ae45 afgj afgp ahrK ahwT,ajO5,
bdGU,x,p,Pole 72,,,,,,,"-79.6185929651453,36.190996300425056",POINT (-79.6185929651453 36.19099630042506),ae45,anBC,
bdGZ,x,p,Pole 73,,,,,,,"-79.61948843745847,36.190920991749074",POINT (-79.61948843745847 36.19092099174907),afgj,,
bdHS,x,p,Pole 74,,,,,,,"-79.61943553497746,36.19127376390189",POINT (-79.61943553497746 36.19127376390189),afgp ahrK ahwT,,
bdH8,x,p,Pole 75,,,,,,,"-79.62446267889139,36.193290577166955",POINT (-79.62446267889139 36.19329057716696),afgy ahrK,ajM3,
bdH9,x,p,Pole 76,,,,,,,"-79.62399908012085,36.1931536309396",POINT (-79.62399908012085 36.1931536309396),afgy,anzQ,
bgyH,x,p,Pole 77,,,,,,,"-79.62761773645872,36.196293589054555",POINT (-79.62761773645872 36.19629358905456),ahwT,,
bgyI,x,p,Pole 78,,,,,,,"-79.6277496325394,36.196383447122265",POINT (-79.62774963253941 36.19638344712227),ahwT,,
bgyJ,x,p,Pole 79,,,,,,,"-79.62788152892304,36.19647330504974",POINT (-79.62788152892304 36.19647330504974),ahwT,,
bgyP,x,p,Pole 80,,,,,,,"-79.62611854409101,36.190497861580496",POINT (-79.62611854409101 36.1904978615805),ahrK,,
bgyQ,x,p,Pole 81,,,,,,,"-79.6261520391032,36.1903630230946",POINT (-79.6261520391032 36.1903630230946),ahrK,,
bgyR,x,p,Pole 82,,,,,,,"-79.62618551824801,36.19022908589974",POINT (-79.62618551824801 36.19022908589974),ahrK,,
bgyS,x,p,Pole 83,,,,,,,"-79.62622012490887,36.190094260147056",POINT (-79.62622012490887 36.19009426014706),ahrK,,
bgyT,x,p,Pole 84,,,,,,,"-79.62625360380889,36.18996032292233",POINT (-79.62625360380889 36.18996032292233),ahrK,,
bgyU,x,p,Pole 85,,,,,,,"-79.62628709833152,36.189825484376925",POINT (-79.62628709833152 36.18982548437693),ahrK,,
bgyV,x,p,Pole 86,,,,,,,"-79.626328706549,36.18967180772305",POINT (-79.626328706549 36.18967180772305),ahrK,,
bgyW,x,p,Pole 87,,,,,,,"-79.62637033033718,36.18951722974135",POINT (-79.62637033033718 36.18951722974135),ahrK,,
bgyX,x,p,Pole 88,,,,,,,"-79.62641082632781,36.18936354028303",POINT (-79.62641082632781 36.18936354028303),ahrK,,
bgyY,x,p,Pole 89,,,,,,,"-79.62645244977247,36.18920896225802",POINT (-79.62645244977247 36.18920896225802),ahrK,,
bgyZ,x,p,Pole 90,,,,,,,"-79.62649405730293,36.18905528551728",POINT (-79.62649405730293 36.18905528551728),ahrK,,
bgy0,x,p,Pole 91,,,,,,,"-79.62654764344988,36.188916170007445",POINT (-79.62654764344988 36.18891617000745),ahrK,,
bgy1,x,p,Pole 92,,,,,,,"-79.62660121366031,36.18877795577262",POINT (-79.62660121366031 36.18877795577262),ahrK,,
bgy2,x,p,Pole 93,,,,,,,"-79.62667810151311,36.18864181204151",POINT (-79.62667810151311 36.18864181204151),ahrK,,
bgy3,x,p,Pole 94,,,,,,,"-79.62675389296099,36.1885047541886",POINT (-79.62675389296099 36.1885047541886),ahrK,,
bgy4,x,p,Pole 95,,,,,,,"-79.62683078027003,36.18836861034191",POINT (-79.62683078027003 36.18836861034191),ahrK,,
bgy5,x,p,Pole 96,,,,,,,"-79.62550515342443,36.19485942057982",POINT (-79.62550515342443 36.19485942057982),ahwT,,
bgy6,x,p,Pole 97,,,,,,,"-79.62563930009163,36.194947503822945",POINT (-79.62563930009163 36.19494750382295),ahwT,,
bgy7,x,p,Pole 98,,,,,,,"-79.6257711916313,36.19503736399391",POINT (-79.6257711916313 36.19503736399391),ahwT,,
bgy8,x,p,Pole 99,,,,,,,"-79.62590308347391,36.195127224024674",POINT (-79.62590308347391 36.19512722402467),ahwT,,
bgy9,x,p,Pole 100,,,,,,,"-79.62603497561945,36.195217083915225",POINT (-79.62603497561945 36.19521708391522),ahwT,,
bgzA,x,p,Pole 101,,,,,,,"-79.6261668680679,36.195306943665585",POINT (-79.6261668680679 36.19530694366559),ahwT,,
bgzB,x,p,Pole 102,,,,,,,"-79.62629876081925,36.19539680327573",POINT (-79.62629876081925 36.19539680327573),ahwT,,
bgzC,x,p,Pole 103,,,,,,,"-79.62643066961901,36.19548576144052",POINT (-79.62643066961901 36.19548576144052),ahwT,,
bgzT,x,p,Pole 104,,,,,,,"-79.6245318388242,36.19315164171484",POINT (-79.6245318388242 36.19315164171484),ahrK,,
bgzU,x,p,Pole 105,,,,,,,"-79.62460211043883,36.19301271899307",POINT (-79.62460211043883 36.19301271899307),ahrK,,
bgzV,x,p,Pole 106,,,,,,,"-79.62471902713168,36.192813932683414",POINT (-79.62471902713168 36.19281393268341),ahrK,,
bgzW,x,p,Pole 107,,,,,,,"-79.6248715091391,36.19261645638522",POINT (-79.6248715091391 36.19261645638522),ahrK,,
bgzX,x,p,Pole 108,,,,,,,"-79.62505106355357,36.192460759265444",POINT (-79.62505106355357 36.19246075926544),ahrK,,
bgzY,x,p,Pole 109,,,,,,,"-79.62521221193661,36.1923400083944",POINT (-79.62521221193661 36.1923400083944),ahrK,,
bgzZ,x,p,Pole 110,,,,,,,"-79.62537445599217,36.19222017136984",POINT (-79.62537445599217 36.19222017136984),ahrK,,
bgz0,x,p,Pole 111,,,,,,,"-79.6254963868392,36.19211609789012",POINT (-79.6254963868392 36.19211609789012),ahrK,,
bgz1,x,p,Pole 112,,,,,,,"-79.6256094850198,36.192008316904",POINT (-79.62560948501979 36.192008316904),ahrK,,
bgz2,x,p,Pole 113,,,,,,,"-79.61457718013406,36.19130596823243",POINT (-79.61457718013406 36.19130596823243),ahrK ahwT,,
bgz3,x,p,Pole 114,,,,,,,"-79.61459026970579,36.19144675142696",POINT (-79.61459026970579 36.19144675142696),ahrK ahwT,,
bgz4,x,p,Pole 115,,,,,,,"-79.61461868866402,36.19172744224601",POINT (-79.61461868866402 36.19172744224601),ahrK ahwT,,
bgz5,x,p,Pole 116,,,,,,,"-79.61463179423404,36.1918673241283",POINT (-79.61463179423404 36.1918673241283),ahrK ahwT,,
bgz6,x,p,Pole 117,,,,,,,"-79.62456507056653,36.194240117119676",POINT (-79.62456507056653 36.19424011711968),ahwT,,
bgz7,x,p,Pole 118,,,,,,,"-79.62443092632353,36.19415203271403",POINT (-79.62443092632353 36.19415203271403),ahwT,,
bgz8,x,p,Pole 119,,,,,,,"-79.6242967981519,36.194063046858666",POINT (-79.6242967981519 36.19406304685867),ahwT,,
bgz9,x,p,Pole 120,,,,,,,"-79.62416154256856,36.19397494937963",POINT (-79.62416154256856 36.19397494937963),ahwT,,
bgAB,x,p,Pole 121,,,,,,,"-79.6242195369153,36.1938385902306",POINT (-79.62421953691531 36.1938385902306),ahrK,,
bgAC,x,p,Pole 122,,,,,,,"-79.62427753105402,36.193702231046096",POINT (-79.62427753105402 36.1937022310461),ahrK,,
bgAD,x,p,Pole 123,,,,,,,"-79.62433552498473,36.19356587182613",POINT (-79.62433552498473 36.19356587182613),ahrK,,
bgAE,x,p,Pole 124,,,,,,,"-79.62439351870741,36.19342951257068",POINT (-79.62439351870741 36.19342951257068),ahrK,,
bgAF,x,p,Pole 125,,,,,,,"-79.62258598082339,36.192937245800834",POINT (-79.62258598082339 36.19293724580083),ahrK ahwT,,
bgAG,x,p,Pole 126,,,,,,,"-79.62271681667957,36.19302349120609",POINT (-79.62271681667957 36.19302349120609),ahrK ahwT,,
bgAH,x,p,Pole 127,,,,,,,"-79.62284874897281,36.19311065057242",POINT (-79.62284874897281 36.19311065057242),ahrK ahwT,,
bgAI,x,p,Pole 128,,,,,,,"-79.62297958540901,36.19319689570036",POINT (-79.62297958540901 36.19319689570036),ahrK ahwT,,
bgAJ,x,p,Pole 129,,,,,,,"-79.62311042213388,36.193283140690234",POINT (-79.62311042213388 36.19328314069023),ahrK ahwT,,
bgAK,x,p,Pole 130,,,,,,,"-79.6232423710848,36.19336939833346",POINT (-79.6232423710848 36.19336939833346),ahrK ahwT,,
bgAL,x,p,Pole 131,,,,,,,"-79.62337320838824,36.19345564304598",POINT (-79.62337320838824 36.19345564304598),ahrK ahwT,,
bgAM,x,p,Pole 132,,,,,,,"-79.62350514214245,36.1935428017138",POINT (-79.62350514214245 36.1935428017138),ahrK ahwT,,
bgAN,x,p,Pole 133,,,,,,,"-79.62363598002591,36.19362904614899",POINT (-79.62363598002591 36.19362904614899),ahrK ahwT,,
bgAO,x,p,Pole 134,,,,,,,"-79.6237679301406,36.19371530323278",POINT (-79.6237679301406 36.19371530323278),ahrK ahwT,,
bgAP,x,p,Pole 135,,,,,,,"-79.62389876860266,36.19380154739063",POINT (-79.62389876860266 36.19380154739063),ahrK ahwT,,
bgAQ,x,p,Pole 136,,,,,,,"-79.62403070352647,36.19388870549913",POINT (-79.62403070352647 36.19388870549913),ahrK ahwT,,
bgAS,x,p,Pole 137,,,,,,,"-79.62582686081669,36.19166103631594",POINT (-79.62582686081669 36.19166103631594),ahrK,,
bgAT,x,p,Pole 138,,,,,,,"-79.62586391312048,36.19151361798091",POINT (-79.62586391312048 36.19151361798091),ahrK,,
bgAU,x,p,Pole 139,,,,,,,"-79.6259009495275,36.19136710093346",POINT (-79.62590094952751 36.19136710093346),ahrK,,
bgAV,x,p,Pole 140,,,,,,,"-79.62593800153655,36.19121968256248",POINT (-79.62593800153655 36.19121968256248),ahrK,,
bgAW,x,p,Pole 141,,,,,,,"-79.62597392574361,36.19107315271377",POINT (-79.62597392574361 36.19107315271377),ahrK,,
bgAX,x,p,Pole 142,,,,,,,"-79.62601097746,36.1909257343072",POINT (-79.62601097746 36.1909257343072),ahrK,,
bgAY,x,p,Pole 143,,,,,,,"-79.62604801328163,36.19077921718837",POINT (-79.62604801328163 36.19077921718837),ahrK,,
bgAZ,x,p,Pole 144,,,,,,,"-79.62608506470329,36.190631798745855",POINT (-79.62608506470329 36.19063179874586),ahrK,,
bgA0,x,p,Pole 145,,,,,,,"-79.6248333441963,36.19441718680015",POINT (-79.6248333441963 36.19441718680015),ahwT,,
bgA1,x,p,Pole 146,,,,,,,"-79.62496748934768,36.19450527077031",POINT (-79.62496748934768 36.19450527077031),ahwT,,
bgA2,x,p,Pole 147,,,,,,,"-79.62510161904122,36.19459425590006",POINT (-79.62510161904122 36.19459425590006),ahwT,,
bgA3,x,p,Pole 148,,,,,,,"-79.62523576479872,36.194682339579906",POINT (-79.62523576479872 36.19468233957991),ahwT,,
bgA4,x,p,Pole 149,,,,,,,"-79.62812483504727,36.19667983020647",POINT (-79.62812483504727 36.19667983020647),ahwT,,
bgA5,x,p,Pole 150,,,,,,,"-79.62821334910876,36.19677009194402",POINT (-79.62821334910876 36.19677009194402),ahwT,,
bgA6,x,p,Pole 151,,,,,,,"-79.62828610682458,36.196870990848744",POINT (-79.62828610682458 36.19687099084874),ahwT,,
bgA7,x,p,Pole 152,,,,,,,"-79.62838880545014,36.197040745797246",POINT (-79.62838880545014 36.19704074579725),ahwT,,
bgA8,x,p,Pole 153,,,,,,,"-79.62854649245035,36.19699116827804",POINT (-79.62854649245035 36.19699116827804),ahwT,,
bgA9,x,p,Pole 154,,,,,,,"-79.62870419497766,36.196940689240556",POINT (-79.62870419497766 36.19694068924056),ahwT,,
bgBC,x,p,Pole 155,,,,,,,"-79.62886189730818,36.19689020999048",POINT (-79.62886189730818 36.19689020999048),ahwT,,
bgBD,x,p,Pole 156,,,,,,,"-79.6290195837253,36.19684063183368",POINT (-79.6290195837253 36.19684063183368),ahwT,,
bgBE,x,p,Pole 157,,,,,,,"-79.61773973126434,36.19322393569844",POINT (-79.61773973126434 36.19322393569844),ahrK ahwT,,
bgBF,x,p,Pole 158,,,,,,,"-79.61757197203374,36.19321388464208",POINT (-79.61757197203374 36.19321388464208),ahrK ahwT,,
bht4,x,p,Pole 159,,,,,,,"-79.60684769101411,36.19285069559501",POINT (-79.60684769101411 36.19285069559501),ahrK ahwT abcd,,
bht5,x,p,Pole 160,,,,,,,"-79.61301068619757,36.1910254922684",POINT (-79.61301068619757 36.1910254922684),ahrK ahwT,,
bht6,x,p,Pole 161,,,,,,,"-79.61302798465202,36.19099053482561",POINT (-79.61302798465202 36.19099053482561),ahrK ahwT,,
bht7,x,p,Pole 162,,,,,,,"-79.6130448706264,36.190915907261775",POINT (-79.6130448706264 36.19091590726178),ahrK ahwT,,
bht8,x,p,Pole 163,,,,,,,"-79.61306445805657,36.190751162502316",POINT (-79.61306445805657 36.19075116250232),ahrK ahwT,,
bht9,x,p,Pole 164,,,,,,,"-79.6130851413911,36.19058733191921",POINT (-79.6130851413911 36.19058733191921),ahrK ahwT,,
bhuv,x,p,Pole 165,,,,,,,"-79.61312242579693,36.19023888926555",POINT (-79.61312242579693 36.19023888926555),ahrK ahwT,,
bhuw,x,p,Pole 166,,,,,,,"-79.613130068208,36.1900577793243",POINT (-79.61313006820799 36.1900577793243),ahrK ahwT,,
bhux,x,p,Pole 167,,,,,,,"-79.61343110224279,36.190203701931345",POINT (-79.61343110224279 36.19020370193135),ahrK ahwT,,
bhuy,x,p,Pole 168,,,,,,,"-79.61358744867614,36.19035606117168",POINT (-79.61358744867614 36.19035606117168),ahrK ahwT,,
bhuz,x,p,Pole 169,,,,,,,"-79.61370387909801,36.19043854351254",POINT (-79.61370387909801 36.19043854351254),ahrK ahwT,,
bhuA,x,p,Pole 170,,,,,,,"-79.61385230046655,36.190535820022546",POINT (-79.61385230046655 36.19053582002255),ahrK ahwT,,
bhuB,x,p,Pole 171,,,,,,,"-79.61400072220444,36.19063309635491",POINT (-79.61400072220444 36.19063309635491),ahrK ahwT,,
bhuC,x,p,Pole 172,,,,,,,"-79.6141884737098,36.19077049325977",POINT (-79.6141884737098 36.19077049325977),ahrK ahwT,,
bhuD,x,p,Pole 173,,,,,,,"-79.61428802045106,36.190864498846636",POINT (-79.61428802045106 36.19086449884664),ahrK ahwT,,
bhuE,x,p,Pole 174,,,,,,,"-79.61436763264973,36.1909537661332",POINT (-79.61436763264973 36.1909537661332),ahrK ahwT,,
bhuF,x,p,Pole 175,,,,,,,"-79.6155150069164,36.19305758842085",POINT (-79.6155150069164 36.19305758842085),ahrK ahwT,,
bhuG,x,p,Pole 176,,,,,,,"-79.61569116901128,36.193095685584886",POINT (-79.61569116901128 36.19309568558489),ahrK ahwT,,
bhuH,x,p,Pole 177,,,,,,,"-79.61586780723937,36.1931067434484",POINT (-79.61586780723937 36.1931067434484),ahrK ahwT,,
bhuI,x,p,Pole 178,,,,,,,"-79.6160444455257,36.193117801052225",POINT (-79.6160444455257 36.19311780105222),ahrK ahwT,,
bhuJ,x,p,Pole 179,,,,,,,"-79.61622108387027,36.193128858396356",POINT (-79.61622108387027 36.19312885839636),ahrK ahwT,,
bhuK,x,p,Pole 180,,,,,,,"-79.61639772227308,36.19313991548078",POINT (-79.61639772227308 36.19313991548078),ahrK ahwT,,
bhuL,x,p,Pole 181,,,,,,,"-79.61656546528455,36.193150869478636",POINT (-79.61656546528455 36.19315086947864),ahrK ahwT,,
bhuM,x,p,Pole 182,,,,,,,"-79.61673322420572,36.19316092194053",POINT (-79.61673322420572 36.19316092194053),ahrK ahwT,,
bhuN,x,p,Pole 183,,,,,,,"-79.61690096732417,36.193171875470014",POINT (-79.61690096732417 36.19317187547001),ahrK ahwT,,
bhuO,x,p,Pole 184,,,,,,,"-79.61790747470369,36.19323488782277",POINT (-79.61790747470369 36.19323488782277),ahrK ahwT,,
bhuP,x,p,Pole 185,,,,,,,"-79.61807410626422,36.193245826873515",POINT (-79.61807410626422 36.19324582687351),ahrK ahwT,,
bhuQ,x,p,Pole 186,,,,,,,"-79.61824186565022,36.193255877228694",POINT (-79.61824186565022 36.19325587722869),ahrK ahwT,,
bhuR,x,p,Pole 187,,,,,,,"-79.61840960925072,36.19326682865201",POINT (-79.61840960925072 36.19326682865201),ahrK ahwT,,
bhuS,x,p,Pole 188,,,,,,,"-79.61857736873984,36.19327687853868",POINT (-79.61857736873984 36.19327687853868),ahrK ahwT,,
bhuT,x,p,Pole 189,,,,,,,"-79.61874511244727,36.19328782949361",POINT (-79.61874511244727 36.19328782949361),ahrK ahwT,,
bhuU,x,p,Pole 190,,,,,,,"-79.61891287203949,36.19329787891177",POINT (-79.61891287203949 36.19329787891177),ahrK ahwT,,
bhuV,x,p,Pole 191,,,,,,,"-79.61908061585386,36.19330882939831",POINT (-79.61908061585386 36.19330882939831),ahrK ahwT,,
bhuW,x,p,Pole 192,,,,,,,"-79.61924837554918,36.193318878347945",POINT (-79.61924837554918 36.19331887834795),ahrK ahwT,,
bhuX,x,p,Pole 193,,,,,,,"-79.61941650665493,36.193181087747135",POINT (-79.61941650665493 36.19318108774713),ahrK ahwT,,
bhuY,x,p,Pole 194,,,,,,,"-79.61941690965307,36.19303144582169",POINT (-79.61941690965307 36.19303144582169),ahrK ahwT,,
bhuZ,x,p,Pole 195,,,,,,,"-79.61941729681598,36.19288270519543",POINT (-79.61941729681598 36.19288270519543),ahrK ahwT,,
bhu0,x,p,Pole 196,,,,,,,"-79.6194187958948,36.19273397739233",POINT (-79.6194187958948 36.19273397739233),ahrK ahwT,,
bhu1,x,p,Pole 197,,,,,,,"-79.61941918303415,36.192585236758774",POINT (-79.61941918303415 36.19258523675877),ahrK ahwT,,
bhu2,x,p,Pole 198,,,,,,,"-79.61941958598683,36.19243559481866",POINT (-79.61941958598683 36.19243559481866),ahrK ahwT,,
bhu3,x,p,Pole 199,,,,,,,"-79.61941997310461,36.19228685417782",POINT (-79.61941997310461 36.19228685417782),ahrK ahwT,,
bhu4,x,p,Pole 200,,,,,,,"-79.61941608660189,36.19212814789412",POINT (-79.61941608660189 36.19212814789412),ahrK ahwT,,
bhu5,x,p,Pole 201,,,,,,,"-79.61941331202014,36.191969454433135",POINT (-79.61941331202014 36.19196945443313),ahrK ahwT,,
bhu6,x,p,Pole 202,,,,,,,"-79.61940940970167,36.19181164944468",POINT (-79.61940940970167 36.19181164944468),ahrK ahwT,,
bhu7,x,p,Pole 203,,,,,,,"-79.6194055232122,36.19165294314935",POINT (-79.61940552321219 36.19165294314935),ahrK ahwT,,
bhu8,x,p,Pole 204,,,,,,,"-79.61942107718112,36.19146381059499",POINT (-79.61942107718112 36.19146381059499),ahrK ahwT,,
bhu9,x,p,Pole 205,,,,,,,"-79.61967475089777,36.19101419075243",POINT (-79.61967475089777 36.19101419075243),ahrK ahwT,,
bhvw,x,p,Pole 206,,,,,,,"-79.61981652535624,36.19111048179214",POINT (-79.61981652535624 36.19111048179214),ahrK ahwT,,
bhvx,x,p,Pole 207,,,,,,,"-79.61995828434644,36.191207673973196",POINT (-79.61995828434644 36.1912076739732),ahrK ahwT,,
bhvy,x,p,Pole 208,,,,,,,"-79.62008911440981,36.19129392215136",POINT (-79.62008911440981 36.19129392215136),ahrK ahwT,,
bhvz,x,p,Pole 209,,,,,,,"-79.62022104085541,36.191381084313804",POINT (-79.62022104085541 36.1913810843138),ahrK ahwT,,
bhvA,x,p,Pole 210,,,,,,,"-79.62035187149877,36.19146733221471",POINT (-79.62035187149877 36.19146733221471),ahrK ahwT,,
bhvB,x,p,Pole 211,,,,,,,"-79.6204838143412,36.191553592794094",POINT (-79.6204838143412 36.19155359279409),ahrK ahwT,,
bhvC,x,p,Pole 212,,,,,,,"-79.6206146455631,36.19163984041772",POINT (-79.62061464556309 36.19163984041772),ahrK ahwT,,
bhvD,x,p,Pole 213,,,,,,,"-79.62074657317821,36.19172700202098",POINT (-79.62074657317821 36.19172700202098),ahrK ahwT,,
bhvE,x,p,Pole 214,,,,,,,"-79.6208774049801,36.19181324936736",POINT (-79.62087740498011 36.19181324936736),ahrK ahwT,,
bhvF,x,p,Pole 215,,,,,,,"-79.62100934898622,36.1918995093874",POINT (-79.62100934898622 36.1918995093874),ahrK ahwT,,
bhvG,x,p,Pole 216,,,,,,,"-79.62114018136667,36.191985756456454",POINT (-79.62114018136667 36.19198575645645),ahrK ahwT,,
bhvH,x,p,Pole 217,,,,,,,"-79.6212721101513,36.19207291750053",POINT (-79.6212721101513 36.19207291750053),ahrK ahwT,,
bhvI,x,p,Pole 218,,,,,,,"-79.62140294311173,36.19215916429233",POINT (-79.62140294311173 36.19215916429233),ahrK ahwT,,
bhvJ,x,p,Pole 219,,,,,,,"-79.62153488828154,36.192245423753015",POINT (-79.62153488828154 36.19224542375301),ahrK ahwT,,
bhvK,x,p,Pole 220,,,,,,,"-79.62166572182056,36.1923316702675",POINT (-79.62166572182056 36.1923316702675),ahrK ahwT,,
bhvL,x,p,Pole 221,,,,,,,"-79.6217976517747,36.192418830752345",POINT (-79.6217976517747 36.19241883075235),ahrK ahwT,,
bhvM,x,p,Pole 222,,,,,,,"-79.62192848589372,36.192505076989534",POINT (-79.62192848589372 36.19250507698953),ahrK ahwT,,
bhvN,x,p,Pole 223,,,,,,,"-79.62206043222724,36.19259133589086",POINT (-79.62206043222724 36.19259133589086),ahrK ahwT,,
bhvO,x,p,Pole 224,,,,,,,"-79.62219126692483,36.19267758185073",POINT (-79.62219126692483 36.19267758185073),ahrK ahwT,,
bhvP,x,p,Pole 225,,,,,,,"-79.62232319804852,36.192764741776344",POINT (-79.62232319804852 36.19276474177634),ahrK ahwT,,
bhvQ,x,p,Pole 226,,,,,,,"-79.62717204416671,36.187612571667",POINT (-79.62717204416671 36.187612571667),ahrK,,
bhvR,x,p,Pole 227,,,,,,,"-79.62720110429902,36.18747678043952",POINT (-79.62720110429902 36.18747678043952),ahrK,,
bhvS,x,p,Pole 228,,,,,,,"-79.62723127617758,36.18734100195241",POINT (-79.62723127617758 36.18734100195241),ahrK,,
bhvT,x,p,Pole 229,,,,,,,"-79.62726314184917,36.18717188785646",POINT (-79.62726314184917 36.18717188785646),ahrK,,
bhvU,x,p,Pole 230,,,,,,,"-79.62729500737206,36.18700277374443",POINT (-79.62729500737206 36.18700277374443),ahrK,,
bhvV,x,p,Pole 231,,,,,,,"-79.62732687274627,36.18683365961633",POINT (-79.62732687274627 36.18683365961633),ahrK,,
bhvW,x,p,Pole 232,,,,,,,"-79.62734721054925,36.18668785193708",POINT (-79.62734721054925 36.18668785193708),ahrK,,
bhvX,x,p,Pole 233,,,,,,,"-79.62736867584046,36.186541155693504",POINT (-79.62736867584046 36.1865411556935),ahrK,,
bhvY,x,p,Pole 234,,,,,,,"-79.62738901347275,36.18639534799695",POINT (-79.62738901347275 36.18639534799695),ahrK,,
bhvZ,x,p,Pole 235,,,,,,,"-79.6274093667498,36.18624863898492",POINT (-79.6274093667498 36.18624863898492),ahrK,,
bhv0,x,p,Pole 236,,,,,,,"-79.62743081605012,36.18610284402159",POINT (-79.62743081605012 36.18610284402159),ahrK,,
bhv1,x,p,Pole 237,,,,,,,"-79.62745116915586,36.18595613499218",POINT (-79.62745116915586 36.18595613499218),ahrK,,
bhv2,x,p,Pole 238,,,,,,,"-79.62747152217682,36.185809425954176",POINT (-79.62747152217682 36.18580942595418),ahrK,,
bhv3,x,p,Pole 239,,,,,,,"-79.62749500614541,36.18567447214778",POINT (-79.62749500614541 36.18567447214778),ahrK,,
bhv4,x,p,Pole 240,,,,,,,"-79.62751850575323,36.18553861702502",POINT (-79.62751850575323 36.18553861702502),ahrK,,
bhv5,x,p,Pole 241,,,,,,,"-79.62754200527233,36.18540276189291",POINT (-79.62754200527233 36.18540276189291),ahrK,,
bhv6,x,p,Pole 242,,,,,,,"-79.6275655047027,36.18526690675144",POINT (-79.6275655047027 36.18526690675144),ahrK,,
bhv7,x,p,Pole 243,,,,,,,"-79.62758900404435,36.1851310516006",POINT (-79.62758900404435 36.1851310516006),ahrK,,
bhv8,x,p,Pole 244,,,,,,,"-79.62761250329729,36.184995196440404",POINT (-79.62761250329729 36.1849951964404),ahrK,,
bhv9,x,p,Pole 245,,,,,,,"-79.62765042466008,36.184861309609154",POINT (-79.62765042466008 36.18486130960915),ahrK,,
bhwx,x,p,Pole 246,,,,,,,"-79.62768945770402,36.18472743550772",POINT (-79.62768945770402 36.18472743550772),ahrK,,
bhwy,x,p,Pole 247,,,,,,,"-79.62774065768141,36.18459730683458",POINT (-79.62774065768141 36.18459730683458),ahrK,,
bhwz,x,p,Pole 248,,,,,,,"-79.62779187320656,36.184466276825844",POINT (-79.62779187320656 36.18446627682584),ahrK,,
bhwA,x,p,Pole 249,,,,,,,"-79.62785866964346,36.18433452392402",POINT (-79.62785866964346 36.18433452392402),ahrK,,
bhwB,x,p,Pole 250,,,,,,,"-79.62792546585055,36.184202770977286",POINT (-79.62792546585055 36.18420277097729),ahrK,,
bhwC,x,p,Pole 251,,,,,,,"-79.62799226182783,36.18407101798562",POINT (-79.62799226182783 36.18407101798562),ahrK,,
bhwD,x,p,Pole 252,,,,,,,"-79.6280590575753,36.18393926494904",POINT (-79.6280590575753 36.18393926494904),ahrK,,
bhwE,x,p,Pole 253,,,,,,,"-79.62811609836297,36.18379297625773",POINT (-79.62811609836297 36.18379297625773),ahrK,,
bhwF,x,p,Pole 254,,,,,,,"-79.62813876737428,36.18364088465693",POINT (-79.62813876737428 36.18364088465693),ahrK,,
bhwG,x,p,Pole 255,,,,,,,"-79.6281223189378,36.18350006404177",POINT (-79.6281223189378 36.18350006404177),ahrK,,
bhwH,x,p,Pole 256,,,,,,,"-79.62807375416195,36.183351663403286",POINT (-79.62807375416195 36.18335166340329),ahrK,,
bhwI,x,p,Pole 257,,,,,,,"-79.62802517384073,36.18320416405303",POINT (-79.62802517384073 36.18320416405303),ahrK,,
bhwJ,x,p,Pole 258,,,,,,,"-79.6282164383692,36.18314054765647",POINT (-79.62821643836919 36.18314054765647),ahrK,,
bhwK,x,p,Pole 259,,,,,,,"-79.62840770259655,36.18307693094689",POINT (-79.62840770259655 36.18307693094689),ahrK,,
bhwL,x,p,Pole 260,,,,,,,"-79.62860522873633,36.18303682435943",POINT (-79.62860522873633 36.18303682435943),ahrK,,
bhwM,x,p,Pole 261,,,,,,,"-79.62880165860237,36.18299580339674",POINT (-79.62880165860237 36.18299580339674),ahrK,,
bhwN,x,p,Pole 262,,,,,,,"-79.62908377486754,36.182951256118415",POINT (-79.62908377486754 36.18295125611841),ahrK,,
bhwO,x,p,Pole 263,,,,,,,"-79.62926538976113,36.18293079892674",POINT (-79.62926538976113 36.18293079892674),ahrK,,
bhwP,x,p,Pole 264,,,,,,,"-79.62962747609595,36.18289167359778",POINT (-79.62962747609595 36.18289167359778),ahrK,,
bhwQ,x,p,Pole 265,,,,,,,"-79.62982340274024,36.18287949280345",POINT (-79.62982340274024 36.18287949280345),ahrK,,
bhwR,x,p,Pole 266,,,,,,,"-79.63001932933426,36.182867311687026",POINT (-79.63001932933426 36.18286731168703),ahrK,,
bhwS,x,p,Pole 267,,,,,,,"-79.63021525587801,36.18285513024849",POINT (-79.63021525587801 36.18285513024849),ahrK,,
bhwT,x,p,Pole 268,,,,,,,"-79.63057131180415,36.182842977685134",POINT (-79.63057131180415 36.18284297768513),ahrK,,
bhwU,x,p,Pole 269,,,,,,,"-79.6307493240502,36.18283780231396",POINT (-79.6307493240502 36.18283780231396),ahrK,,
bhwV,x,p,Pole 270,,,,,,,"-79.63092735196813,36.18283172536876",POINT (-79.63092735196813 36.18283172536876),ahrK,,
bhwW,x,p,Pole 271,,,,,,,"-79.63117744246254,36.18283819164088",POINT (-79.63117744246254 36.18283819164088),ahrK,,
bhwX,x,p,Pole 272,,,,,,,"-79.63142754869607,36.18284375608232",POINT (-79.63142754869607 36.18284375608232),ahrK,,
bhwY,x,p,Pole 273,,,,,,,"-79.63160978859507,36.182851248604656",POINT (-79.63160978859507 36.18285124860466),ahrK,,
bhwZ,x,p,Pole 274,,,,,,,"-79.63179202853783,36.18285874085017",POINT (-79.63179202853783 36.18285874085017),ahrK,,
bhw0,x,p,Pole 275,,,,,,,"-79.63197426852435,36.18286623281894",POINT (-79.63197426852435 36.18286623281894),ahrK,,
bhw1,x,p,Pole 276,,,,,,,"-79.63230418900777,36.18288622995927",POINT (-79.63230418900777 36.18288622995927),ahrK,,
bhw2,x,p,Pole 277,,,,,,,"-79.63263249654491,36.18293505539263",POINT (-79.63263249654491 36.18293505539263),ahrK,,
bhw3,x,p,Pole 278,,,,,,,"-79.63286630193298,36.18298280056287",POINT (-79.63286630193298 36.18298280056287),ahrK,,
bhw4,x,p,Pole 279,,,,,,,"-79.63304248218496,36.18301906932225",POINT (-79.63304248218496 36.18301906932225),ahrK,,
bhw5,x,p,Pole 280,,,,,,,"-79.63321755081108,36.18305532512985",POINT (-79.63321755081108 36.18305532512985),ahrK,,
bhw6,x,p,Pole 281,,,,,,,"-79.63345375277747,36.183093180152134",POINT (-79.63345375277747 36.18309318015213),ahrK,,
bhw7,x,p,Pole 282,,,,,,,"-79.63397206985488,36.183150481550925",POINT (-79.63397206985488 36.18315048155092),ahrK,,
bhw8,x,p,Pole 283,,,,,,,"-79.63425658061753,36.18316003868954",POINT (-79.63425658061753 36.18316003868954),ahrK,,
bhw9,x,p,Pole 284,,,,,,,"-79.63439790417627,36.18315443925594",POINT (-79.63439790417627 36.18315443925594),ahrK,,
bhxy,x,p,Pole 285,,,,,,,"-79.6345840751281,36.183127715542085",POINT (-79.6345840751281 36.18312771554208),ahrK,,
bhxz,x,p,Pole 286,,,,,,,"-79.63467450621671,36.18310711138918",POINT (-79.63467450621671 36.18310711138918),ahrK,,
bhxA,x,p,Pole 287,,,,,,,"-79.63479569098786,36.18304448798064",POINT (-79.63479569098786 36.18304448798064),ahrK,,
bhxB,x,p,Pole 288,,,,,,,"-79.63492299762343,36.18294948067545",POINT (-79.63492299762343 36.18294948067545),ahrK,,
bhxC,x,p,Pole 289,,,,,,,"-79.6350448700967,36.18284719935131",POINT (-79.63504487009671 36.18284719935131),ahrK,,
bhxD,x,p,Pole 290,,,,,,,"-79.6351729892873,36.182705323625854",POINT (-79.6351729892873 36.18270532362585),ahrK,,
bhxE,x,p,Pole 291,,,,,,,"-79.63528072050725,36.182584851027386",POINT (-79.63528072050725 36.18258485102739),ahrK,,
bhxF,x,p,Pole 292,,,,,,,"-79.63538954754789,36.182465292308336",POINT (-79.63538954754789 36.18246529230834),ahrK,,
bhxG,x,p,Pole 293,,,,,,,"-79.6354972781017,36.182344819496095",POINT (-79.6354972781017 36.18234481949609),ahrK,,
bhxH,x,p,Pole 294,,,,,,,"-79.63561311910743,36.18220550776727",POINT (-79.63561311910743 36.18220550776727),ahrK,,
bhxI,x,p,Pole 295,,,,,,,"-79.63572894406718,36.182067097225044",POINT (-79.63572894406718 36.18206709722504),ahrK,,
bhxJ,x,p,Pole 296,,,,,,,"-79.63582981529488,36.181957363779084",POINT (-79.63582981529488 36.18195736377908),ahrK,,
bhA8,x,p,Pole 297,,,,,,,"-79.63505549806237,36.20536376246419",POINT (-79.63505549806237 36.20536376246419),ahwT aiJN,akM1 abkD abkH abkI,
bhDW,x,p,Pole 298,,,,,,,"-79.63453259939877,36.2049854834047",POINT (-79.63453259939877 36.2049854834047),ahwT,,
bhDX,x,p,Pole 299,,,,,,,"-79.63440187160694,36.20489113862259",POINT (-79.63440187160694 36.20489113862259),ahwT,,
bhDY,x,p,Pole 300,,,,,,,"-79.63427114412995,36.20479679370291",POINT (-79.63427114412995 36.20479679370291),ahwT,,
bhNX,x,p,Pole 301,,,,,,,"-79.633981950243,36.204604180851135",POINT (-79.633981950243 36.20460418085113),ahwT,,
bhNY,x,p,Pole 302,,,,,,,"-79.63382346825142,36.20450681416019",POINT (-79.63382346825142 36.20450681416019),ahwT,,
bhNZ,x,p,Pole 303,,,,,,,"-79.63366498665546,36.20440944726617",POINT (-79.63366498665546 36.20440944726617),ahwT,,
bhN0,x,p,Pole 304,,,,,,,"-79.63350650545512,36.20431208016908",POINT (-79.63350650545512 36.20431208016908),ahwT,,
bhN1,x,p,Pole 305,,,,,,,"-79.63336445534706,36.20422932428326",POINT (-79.63336445534706 36.20422932428326),ahwT,,
bhN2,x,p,Pole 306,,,,,,,"-79.63322129344635,36.20414655553209",POINT (-79.63322129344635 36.20414655553209),ahwT,,
bhN3,x,p,Pole 307,,,,,,,"-79.63307924394319,36.204063799318256",POINT (-79.63307924394319 36.20406379931826),ahwT,,
bhN4,x,p,Pole 308,,,,,,,"-79.63293608264983,36.20398103023646",POINT (-79.63293608264983 36.20398103023646),ahwT,,
bhN5,x,p,Pole 309,,,,,,,"-79.63279403375155,36.2038982736946",POINT (-79.63279403375155 36.2038982736946),ahwT,,
bhN6,x,p,Pole 310,,,,,,,"-79.63263693218506,36.203849601431756",POINT (-79.63263693218506 36.20384960143176),ahwT,,
bhN7,x,p,Pole 311,,,,,,,"-79.63254583488795,36.20384315155903",POINT (-79.63254583488795 36.20384315155903),ahwT,,
bhN8,x,p,Pole 312,,,,,,,"-79.63246441711264,36.20385574342731",POINT (-79.63246441711264 36.20385574342731),ahwT,,
bhN9,x,p,Pole 313,,,,,,,"-79.63198324796612,36.20363749313698",POINT (-79.63198324796612 36.20363749313698),ahwT,,
bhOP,x,p,Pole 314,,,,,,,"-79.63185805456601,36.203545011846614",POINT (-79.63185805456601 36.20354501184661),ahwT,,
bhOQ,x,p,Pole 315,,,,,,,"-79.631732845772,36.203453431736115",POINT (-79.63173284577201 36.20345343173611),ahwT,,
bhOR,x,p,Pole 316,,,,,,,"-79.63160654087865,36.2033609374768",POINT (-79.63160654087865 36.2033609374768),ahwT,,
bhOS,x,p,Pole 317,,,,,,,"-79.63144949031873,36.20324555433727",POINT (-79.63144949031873 36.20324555433727),ahwT,,
bhOT,x,p,Pole 318,,,,,,,"-79.63131120432254,36.203138498983556",POINT (-79.63131120432254 36.20313849898356),ahwT,,
bhOU,x,p,Pole 319,,,,,,,"-79.63117182232125,36.20303052944973",POINT (-79.63117182232125 36.20303052944973),ahwT,,
bhOV,x,p,Pole 320,,,,,,,"-79.63104230811685,36.20293078600887",POINT (-79.63104230811685 36.20293078600887),ahwT,,
bhOW,x,p,Pole 321,,,,,,,"-79.63091280993994,36.20283014112752",POINT (-79.63091280993994 36.20283014112752),ahwT,,
bhOX,x,p,Pole 322,,,,,,,"-79.63078218432206,36.202730384692956",POINT (-79.63078218432206 36.20273038469296),ahwT,,
bhOY,x,p,Pole 323,,,,,,,"-79.63065267110812,36.202630640846664",POINT (-79.63065267110812 36.20263064084666),ahwT,,
bhOZ,x,p,Pole 324,,,,,,,"-79.630523173926,36.20252999555997",POINT (-79.63052317392599 36.20252999555997),ahwT,,
bhO0,x,p,Pole 325,,,,,,,"-79.63039254930298,36.202430238716424",POINT (-79.63039254930298 36.20243023871642),ahwT,,
bhO1,x,p,Pole 326,,,,,,,"-79.63027079014067,36.20233238617806",POINT (-79.63027079014067 36.20233238617806),ahwT,,
bhO2,x,p,Pole 327,,,,,,,"-79.63014791921563,36.20223452079077",POINT (-79.63014791921563 36.20223452079077),ahwT,,
bhO3,x,p,Pole 328,,,,,,,"-79.63002616066129,36.20213666801336",POINT (-79.63002616066129 36.20213666801336),ahwT,,
bhO4,x,p,Pole 329,,,,,,,"-79.62982372790391,36.201945038447505",POINT (-79.62982372790391 36.2019450384475),ahwT,,
bhO5,x,p,Pole 330,,,,,,,"-79.62972562198307,36.20183032796231",POINT (-79.62972562198307 36.20183032796231),ahwT,,
bhO6,x,p,Pole 331,,,,,,,"-79.62962753205818,36.20171471609528",POINT (-79.62962753205818 36.20171471609528),ahwT,,
bhO7,x,p,Pole 332,,,,,,,"-79.62949649290107,36.20151128272339",POINT (-79.62949649290107 36.20151128272339),ahwT,,
bhO8,x,p,Pole 333,,,,,,,"-79.62940353134671,36.201292960074824",POINT (-79.62940353134671 36.20129296007482),ahwT,,
bhO9,x,p,Pole 334,,,,,,,"-79.62937201215465,36.20112311982199",POINT (-79.62937201215465 36.20112311982199),ahwT,,
bhPQ,x,p,Pole 335,,,,,,,"-79.62937941845301,36.200889719928",POINT (-79.62937941845301 36.200889719928),ahwT,,
bhPR,x,p,Pole 336,,,,,,,"-79.62938766589055,36.200735660378534",POINT (-79.62938766589055 36.20073566037853),ahwT,,
bhPS,x,p,Pole 337,,,,,,,"-79.62939592900031,36.20058069951844",POINT (-79.62939592900031 36.20058069951844),ahwT,,
bhPT,x,p,Pole 338,,,,,,,"-79.62940417635329,36.2004266399587",POINT (-79.62940417635329 36.2004266399587),ahwT,,
bhPU,x,p,Pole 339,,,,,,,"-79.62941355141605,36.2002716918245",POINT (-79.62941355141605 36.2002716918245),ahwT,,
bhPV,x,p,Pole 340,,,,,,,"-79.62942179868233,36.20011763225435",POINT (-79.62942179868233 36.20011763225435),ahwT,,
bhPW,x,p,Pole 341,,,,,,,"-79.62943006162008,36.199962671373484",POINT (-79.62943006162008 36.19996267137348),ahwT,,
bhPX,x,p,Pole 342,,,,,,,"-79.62944025002238,36.199824860765986",POINT (-79.62944025002238 36.19982486076599),ahwT,,
bhPY,x,p,Pole 343,,,,,,,"-79.62945045409435,36.1996861488481",POINT (-79.62945045409435 36.1996861488481),ahwT,,
bhPZ,x,p,Pole 344,,,,,,,"-79.62946973436773,36.19940961356833",POINT (-79.62946973436773 36.19940961356833),ahwT,,
bhP0,x,p,Pole 345,,,,,,,"-79.62947992259723,36.199271802942015",POINT (-79.62947992259723 36.19927180294201),ahwT,,
bhP1,x,p,Pole 346,,,,,,,"-79.6294901264956,36.19913309100524",POINT (-79.6294901264956 36.19913309100524),ahwT,,
bhP2,x,p,Pole 347,,,,,,,"-79.62950031463771,36.19899528036945",POINT (-79.62950031463771 36.19899528036945),ahwT,,
bhP3,x,p,Pole 348,,,,,,,"-79.6295603777001,36.19816569980362",POINT (-79.6295603777001 36.19816569980362),ahwT,,
bhP4,x,p,Pole 349,,,,,,,"-79.62956946924314,36.19802697509484",POINT (-79.62956946924314 36.19802697509484),ahwT,,
bhP5,x,p,Pole 350,,,,,,,"-79.62957967275038,36.197888263115466",POINT (-79.62957967275038 36.19788826311547),ahwT,,
bhP6,x,p,Pole 351,,,,,,,"-79.62960006392257,36.19761174044846",POINT (-79.62960006392257 36.19761174044846),ahwT,,
bhP7,x,p,Pole 352,,,,,,,"-79.6296102515879,36.19747392976084",POINT (-79.62961025158791 36.19747392976084),ahwT,,
bhP8,x,p,Pole 353,,,,,,,"-79.62961711893023,36.19733517956224",POINT (-79.62961711893023 36.19733517956224),ahwT,,
bhP9,x,p,Pole 354,,,,,,,"-79.62962400195015,36.19719552805346",POINT (-79.62962400195015 36.19719552805346),ahwT,,
bhQR,x,p,Pole 355,,,,,,,"-79.62963086922785,36.19705677784673",POINT (-79.62963086922785 36.19705677784673),ahwT,,
bhQS,x,p,Pole 356,,,,,,,"-79.6296377364733,36.196918027635945",POINT (-79.6296377364733 36.19691802763595),ahwT,,
bhQT,x,p,Pole 357,,,,,,,"-79.62964460368654,36.196779277421115",POINT (-79.62964460368654 36.19677927742111),ahwT,,
bixL,x,p,Pole 358,,,,,,,"-79.62949378522727,36.19669010621058",POINT (-79.62949378522727 36.19669010621058),ahwT,,
bixM,x,p,Pole 359,,,,,,,"-79.62933497169304,36.19674057357661",POINT (-79.62933497169304 36.19674057357661),ahwT,,
